Country,Venue,Date,Time,Race Name,Draw,Form,Last Form,Horse,Runner Country,Jockey,Trainer,Date Last Run,Age,Weight,Beaten Favourite,Course Winner,Distance Winner,Course & Distance Winner,OR,RDB Rating,Race Distance,BF Fav,BSP,Place,ISP,Hi,Low,Finish Position,Distance From Winner,Win Result,Place Result,Runner Count,Back Odd,Lay Odd,Winner,Class,Improving Horse,Going,WFF,RPR,Class Change,Weight Diff,WFF Rank,RDB Rank,FAV Rank,Handi/Non Handi,Flat/Jump,Surface Type,Top Speed
South Africa,Fairview,20230703,11:45,Welcome To Nelson Mandela Bay Maiden Juvenile Plate (Fillies),3,7,7,Anam Cara,SAF,Denis Schwarz,Sharon Kotzen,24,2,9.6,N,N,N,N,-,56,6f 102y,-,-,-,-,-,-,-,-,-,-,9,14.5,560,-,-,N,-,9999,0,0,0,1,8,6,N,Flat,Polytrack,-
South Africa,Fairview,20230703,11:45,Welcome To Nelson Mandela Bay Maiden Juvenile Plate (Fillies),4,7663,3,Butterfly Queen,SAF,Jason Gates,Jacques Strydom,7,2,9.6,N,N,N,N,-,136,6f 102y,-,-,-,-,-,-,-,-,-,-,9,6.8,290,-,-,N,-,9999,0,0,0,2,4,4,N,Flat,Polytrack,-
South Africa,Fairview,20230703,11:45,Welcome To Nelson Mandela Bay Maiden Juvenile Plate (Fillies),5,48-000,0,Captivate,SAF,Kendall Minnie,Alan Greeff,36,2,9.6,N,N,N,N,-,46,6f 102y,-,-,-,-,-,-,-,-,-,-,9,14.5,560,-,-,N,-,9999,0,0,0,3,9,7,N,Flat,Polytrack,-
South Africa,Fairview,20230703,11:45,Welcome To Nelson Mandela Bay Maiden Juvenile Plate (Fillies),8,4,4,Elusive Mata,SAF,Luyolo Mxothwa,Sharon Kotzen,45,2,9.6,N,N,N,N,-,96,6f 102y,-,-,-,-,-,-,-,-,-,-,9,5.1,5.2,-,-,N,-,9999,0,0,0,4,7,2,N,Flat,Polytrack,-
South Africa,Fairview,20230703,11:45,Welcome To Nelson Mandela Bay Maiden Juvenile Plate (Fillies),9,565437,7,Exclusively Yours,SAF,Marco V'Rensburg,Cliffie Miller,7,2,9.6,N,N,N,N,-,109,6f 102y,-,-,-,-,-,-,-,-,-,-,9,17,560,-,-,Y,-,9999,0,0,0,5,6,9,N,Flat,Polytrack,-
South Africa,Fairview,20230703,11:45,Welcome To Nelson Mandela Bay Maiden Juvenile Plate (Fillies),1,0-022,2,Golden Pacific,SAF,S Khumalo,Gavin Smith,17,2,9.6,N,N,N,N,-,257,6f 102y,-,-,-,-,-,-,-,-,-,-,9,2.14,2.68,-,-,N,-,9999,0,0,0,6,1,1,N,Flat,Polytrack,-
South Africa,Fairview,20230703,11:45,Welcome To Nelson Mandela Bay Maiden Juvenile Plate (Fillies),7,553356,6,Red Love,SAF,L Nhlapo,Kelly Mitchley,17,2,9.6,Y,N,N,N,-,130,6f 102y,-,-,-,-,-,-,-,-,-,-,9,12,16,-,-,N,-,9999,0,0,0,7,5,5,N,Flat,Polytrack,-
South Africa,Fairview,20230703,11:45,Welcome To Nelson Mandela Bay Maiden Juvenile Plate (Fillies),6,54,4,Si Gioca,SAF,R Fourie,Alan Greeff,7,2,9.6,N,N,N,N,-,140,6f 102y,-,-,-,-,-,-,-,-,-,-,9,5.1,290,-,-,N,-,9999,0,0,0,8,3,3,N,Flat,Polytrack,-
South Africa,Fairview,20230703,11:45,Welcome To Nelson Mandela Bay Maiden Juvenile Plate (Fillies),2,78063,3,Symbol Of Love,SAF,C Maujean,Emmanuel Kaknis,10,2,9.6,N,N,N,N,-,155,6f 102y,-,-,-,-,-,-,-,-,-,-,9,14.5,560,-,-,Y,-,9999,0,0,0,9,2,8,N,Flat,Polytrack,-
South Africa,Fairview,20230703,12:20,4racing.tv Maiden Plate (F & M),7,0-62550,0,Anna Karenina,SAF,Luyolo Mxothwa,Gavin Smith,52,3,9.6,N,N,N,N,-,82,6f 102y,-,-,-,-,-,-,-,-,-,-,10,6.2,290,-,-,N,-,9999,0,0,0,1,8,3,N,Flat,Polytrack,-
South Africa,Fairview,20230703,12:20,4racing.tv Maiden Plate (F & M),3,077367,7,Coffee In Seattle,SAF,Yuzae Ramzan,Gavin Smith,17,3,9.6,N,N,N,N,-,94,6f 102y,-,-,-,-,-,-,-,-,-,-,10,14.5,560,-,-,N,-,9999,0,0,0,2,7,6,N,Flat,Polytrack,-
South Africa,Fairview,20230703,12:20,4racing.tv Maiden Plate (F & M),8,2533,3,Principessa Mia,SAF,R Fourie,Alan Greeff,10,3,9.6,N,N,N,N,-,183,6f 102y,-,-,-,-,-,-,-,-,-,-,10,3.9,190,-,-,N,-,9999,0,0,0,3,1,2,N,Flat,Polytrack,-
South Africa,Fairview,20230703,12:20,4racing.tv Maiden Plate (F & M),6,648534,4,Hundredfifthavenue,SAF,Marco V'Rensburg,Cliffie Miller,10,3,9.6,N,N,N,N,-,178,6f 102y,-,-,-,-,-,-,-,-,-,-,10,9,290,-,-,Y,-,9999,0,0,0,4,2,4,N,Flat,Polytrack,-
South Africa,Fairview,20230703,12:20,4racing.tv Maiden Plate (F & M),5,6-93253,3,Idabelle,SAF,S Khumalo,Gavin Smith,22,3,9.6,N,N,N,N,-,147,6f 102y,-,-,-,-,-,-,-,-,-,-,10,3.4,5,-,-,N,-,9999,0,0,0,5,3,1,N,Flat,Polytrack,-
South Africa,Fairview,20230703,12:20,4racing.tv Maiden Plate (F & M),9,334284,4,Ponderosa Pine,SAF,C Maujean,Kelly Mitchley,31,3,9.6,N,N,N,N,-,96,6f 102y,-,-,-,-,-,-,-,-,-,-,10,9.4,290,-,-,N,-,9999,0,0,0,6,6,5,N,Flat,Polytrack,-
South Africa,Fairview,20230703,12:20,4racing.tv Maiden Plate (F & M),4,593386,6,Glittering Boots,SAF,Sandile Khathi,Gavin Smith,35,3,9.6,N,N,N,N,-,73,6f 102y,-,-,-,-,-,-,-,-,-,-,10,17,560,-,-,N,-,9999,0,0,0,7,9,8,N,Flat,Polytrack,-
South Africa,Fairview,20230703,12:20,4racing.tv Maiden Plate (F & M),2,324494,4,Miss Tucker,SAF,Jason Gates,Jacques Strydom,17,3,9.6,N,N,N,N,-,117,6f 102y,-,-,-,-,-,-,-,-,-,-,10,15.5,26,-,-,N,-,9999,0,0,0,8,5,7,N,Flat,Polytrack,-
South Africa,Fairview,20230703,12:20,4racing.tv Maiden Plate (F & M),1,605854,4,Sundrop,SAF,Denis Schwarz,Jacques Strydom,7,4,9.6,N,N,N,N,-,146,6f 102y,-,-,-,-,-,-,-,-,-,-,10,17,560,-,-,Y,-,9999,0,0,0,9,4,9,N,Flat,Polytrack,-
South Africa,Fairview,20230703,12:20,4racing.tv Maiden Plate (F & M),10,6-07009,9,Kungfoo Lightning,SAF,Devin Ashby,Lunga Gila,7,3,9.6,N,N,N,N,-,54,6f 102y,-,-,-,-,-,-,-,-,-,-,10,17,560,-,-,N,-,9999,0,0,0,10,10,10,N,Flat,Polytrack,-
South Africa,Fairview,20230703,12:55,Tab 4Racing App Open Maiden,1,488964,4,Wolfram,SAF,Kendall Minnie,T Laing,10,3,9.6,N,N,N,N,-,150,1m 1f 98y,-,-,-,-,-,-,-,-,-,-,9,12,14.5,-,-,Y,-,9999,0,0,0,1,3,6,N,Flat,Polytrack,-
South Africa,Fairview,20230703,12:55,Tab 4Racing App Open Maiden,2,668496,6,Master Of Defense,SAF,S Khumalo,Gavin Smith,25,3,9.4,N,N,N,N,-,83,1m 1f 98y,-,-,-,-,-,-,-,-,-,-,9,4.8,560,-,-,N,-,9999,0,0,0,2,6,2,N,Flat,Polytrack,-
South Africa,Fairview,20230703,12:55,Tab 4Racing App Open Maiden,6,085633,3,Mohandas,SAF,Devin Ashby,Juan Nel,3,3,9.4,Y,N,N,N,-,164,1m 1f 98y,-,-,-,-,-,-,-,-,-,-,9,0,0,-,-,Y,-,9999,0,0,0,3,2,9,N,Flat,Polytrack,-
South Africa,Fairview,20230703,12:55,Tab 4Racing App Open Maiden,7,0-07423,3,Gold For Africa,SAF,Luyolo Mxothwa,Kelly Mitchley,7,3,9.1,Y,N,N,N,-,204,1m 1f 98y,-,-,-,-,-,-,-,-,-,-,9,2.94,3.85,-,-,Y,-,9999,0,0,0,4,1,1,N,Flat,Polytrack,-
South Africa,Fairview,20230703,12:55,Tab 4Racing App Open Maiden,5,560533,3,Afrodite,SAF,Teaque Gould,Alan Greeff,7,3,8.9,N,N,N,N,-,125,1m 1f 98y,-,-,-,-,-,-,-,-,-,-,9,6,560,-,-,Y,-,9999,0,0,0,5,4,3,N,Flat,Polytrack,-
South Africa,Fairview,20230703,12:55,Tab 4Racing App Open Maiden,8,776502,2,Twice A Saint,SAF,Marco V'Rensburg,Cliffie Miller,17,3,8.9,N,N,N,N,-,123,1m 1f 98y,-,-,-,-,-,-,-,-,-,-,9,6,560,-,-,Y,-,9999,0,0,0,6,5,4,N,Flat,Polytrack,-
South Africa,Fairview,20230703,12:55,Tab 4Racing App Open Maiden,9,425006,6,Belle's First Wave,SAF,Mathew Thackeray,T Laing,10,4,8.8,N,N,N,N,-,67,1m 1f 98y,-,-,-,-,-,-,-,-,-,-,9,17,560,-,-,N,-,9999,0,0,0,7,7,7,N,Flat,Polytrack,-
South Africa,Fairview,20230703,12:55,Tab 4Racing App Open Maiden,4,44325-0,0,Natasha Rostov,SAF,Yuzae Ramzan,Gavin Smith,73,4,8.6,N,N,N,N,-,56,1m 1f 98y,-,-,-,-,-,-,-,-,-,-,9,10,560,-,-,N,-,9999,0,0,0,8,8,5,N,Flat,Polytrack,-
South Africa,Fairview,20230703,12:55,Tab 4Racing App Open Maiden,3,0000,0,Happiness Is,SAF,Jason Gates,Jacques Strydom,35,3,8.6,N,N,N,N,-,14,1m 1f 98y,-,-,-,-,-,-,-,-,-,-,9,18,560,-,-,N,-,9999,0,0,0,9,9,8,N,Flat,Polytrack,-
South Africa,Fairview,20230703,13:25,Tab Telebet 0861 000 822 Mr 70 Handicap,10,346-221,1,Popping Crease,SAF,Luyolo Mxothwa,Sharon Kotzen,45,3,9.7,N,N,N,Y,-,309,1m 1f 98y,-,-,-,-,-,-,-,-,-,-,12,6.2,560,-,-,Y,-,9999,0,0,0,1,1,1,Y,Flat,Polytrack,-
South Africa,Fairview,20230703,13:25,Tab Telebet 0861 000 822 Mr 70 Handicap,1,241-228,8,Jaspero,SAF,Marco V'Rensburg,Gavin Smith,35,5,9.7,N,Y,N,Y,-,213,1m 1f 98y,-,-,-,-,-,-,-,-,-,-,12,6.8,560,-,-,N,-,9999,0,0,0,2,5,2,Y,Flat,Polytrack,-
South Africa,Fairview,20230703,13:25,Tab Telebet 0861 000 822 Mr 70 Handicap,3,99-5446,6,Honest Quest,SAF,R Fourie,Alan Greeff,73,3,9.6,Y,Y,N,N,-,137,1m 1f 98y,-,-,-,-,-,-,-,-,-,-,12,8.4,560,-,-,Y,-,9999,0,0,0,3,9,3,Y,Flat,Polytrack,-
South Africa,Fairview,20230703,13:25,Tab Telebet 0861 000 822 Mr 70 Handicap,2,5-48248,8,Bold Strike,SAF,Devin Ashby,Gavin Smith,59,6,9.5,N,N,Y,N,-,151,1m 1f 98y,-,-,-,-,-,-,-,-,-,-,12,16,560,-,-,N,-,9999,0,0,0,4,8,10,Y,Flat,Polytrack,-
South Africa,Fairview,20230703,13:25,Tab Telebet 0861 000 822 Mr 70 Handicap,7,074087,7,Question Master,SAF,S Khumalo,Gavin Smith,24,3,9.4,N,N,Y,N,-,110,1m 1f 98y,-,-,-,-,-,-,-,-,-,-,12,10,560,-,-,N,-,9999,0,0,0,5,12,8,Y,Flat,Polytrack,-
South Africa,Fairview,20230703,13:25,Tab Telebet 0861 000 822 Mr 70 Handicap,8,34-2100,0,Douglas Devastator,SAF,Sandile Khathi,Alan Greeff,17,3,9.3,N,N,N,Y,-,135,1m 1f 98y,-,-,-,-,-,-,-,-,-,-,12,17,560,-,-,N,-,9999,0,0,0,6,10,11,Y,Flat,Polytrack,-
South Africa,Fairview,20230703,13:25,Tab Telebet 0861 000 822 Mr 70 Handicap,11,8-33533,3,Almighwaar,SAF,Mathew Thackeray,T Laing,17,4,9.3,N,N,N,Y,-,251,1m 1f 98y,-,-,-,-,-,-,-,-,-,-,12,9.4,560,-,-,N,-,9999,0,0,0,7,3,5,Y,Flat,Polytrack,-
South Africa,Fairview,20230703,13:25,Tab Telebet 0861 000 822 Mr 70 Handicap,12,853046,6,Alado's Pride,SAF,Denis Schwarz,Zietsman Oosthuizen,17,5,9.2,N,Y,N,N,-,162,1m 1f 98y,-,-,-,-,-,-,-,-,-,-,12,9.4,560,-,-,N,-,9999,0,0,0,8,7,6,Y,Flat,Polytrack,-
South Africa,Fairview,20230703,13:25,Tab Telebet 0861 000 822 Mr 70 Handicap,4,822314,4,Opera Swing,SAF,Keanen Steyn,Jacques Strydom,10,5,9.2,Y,N,N,Y,-,295,1m 1f 98y,-,-,-,-,-,-,-,-,-,-,12,9.8,560,-,-,N,-,9999,0,0,0,9,2,7,Y,Flat,Polytrack,-
South Africa,Fairview,20230703,13:25,Tab Telebet 0861 000 822 Mr 70 Handicap,5,840059,9,Respectable Miss,SAF,Kendall Minnie,Alan Greeff,17,5,9,N,Y,N,N,-,121,1m 1f 98y,-,-,-,-,-,-,-,-,-,-,12,17,560,-,-,N,-,9999,0,0,0,10,11,12,Y,Flat,Polytrack,-
South Africa,Fairview,20230703,13:25,Tab Telebet 0861 000 822 Mr 70 Handicap,9,905153,3,Essos,SAF,Gabriell Pieterse,Zietsman Oosthuizen,7,5,8.11,N,Y,N,Y,-,185,1m 1f 98y,-,-,-,-,-,-,-,-,-,-,12,12,560,-,-,Y,-,9999,0,0,0,11,6,9,Y,Flat,Polytrack,-
South Africa,Fairview,20230703,13:25,Tab Telebet 0861 000 822 Mr 70 Handicap,6,9-08022,2,Mingshi,SAF,C Maujean,Kelly Mitchley,17,5,8.6,N,N,N,N,-,229,1m 1f 98y,-,-,-,-,-,-,-,-,-,-,12,8.4,560,-,-,Y,-,9999,0,0,0,12,4,4,Y,Flat,Polytrack,-
South Africa,Fairview,20230703,13:55,4racing.tv Fm 65 Handicap (F & M),5,61-0657,7,Defining Moment,SAF,Marco V'Rensburg,Cliffie Miller,83,3,9.6,N,N,N,N,-,82,6f 211y,-,-,-,-,-,-,-,-,-,-,12,7.6,560,-,-,N,-,9999,0,0,0,1,6,2,Y,Flat,Polytrack,-
South Africa,Fairview,20230703,13:55,4racing.tv Fm 65 Handicap (F & M),9,883720,0,Silver Slippers,SAF,Keanen Steyn,Cliffie Miller,17,4,9.6,N,Y,N,N,-,182,6f 211y,-,-,-,-,-,-,-,-,-,-,12,14,560,-,-,N,-,9999,0,0,0,2,1,6,Y,Flat,Polytrack,-
South Africa,Fairview,20230703,13:55,4racing.tv Fm 65 Handicap (F & M),8,83-0256,6,Open Secret,SAF,R Fourie,Alan Greeff,45,3,9.4,N,N,N,N,-,109,6f 211y,-,-,-,-,-,-,-,-,-,-,12,3.25,4.9,-,-,N,-,9999,0,0,0,3,4,1,Y,Flat,Polytrack,-
South Africa,Fairview,20230703,13:55,4racing.tv Fm 65 Handicap (F & M),10,3-31088,8,Ray Flambe,SAF,Luyolo Mxothwa,Sharon Kotzen,10,3,9.3,N,N,N,N,-,73,6f 211y,-,-,-,-,-,-,-,-,-,-,12,16,560,-,-,N,-,9999,0,0,0,4,8,7,Y,Flat,Polytrack,-
South Africa,Fairview,20230703,13:55,4racing.tv Fm 65 Handicap (F & M),12,781760,0,Teardrop,SAF,Kendall Minnie,Alan Greeff,38,3,9.3,N,N,N,N,-,73,6f 211y,-,-,-,-,-,-,-,-,-,-,12,17,560,-,-,N,-,9999,0,0,0,5,9,10,Y,Flat,Polytrack,-
South Africa,Fairview,20230703,13:55,4racing.tv Fm 65 Handicap (F & M),2,623991,1,Errols Legacy,SAF,S Khumalo,Gavin Smith,24,2,9.2,N,N,N,N,-,156,6f 211y,-,-,-,-,-,-,-,-,-,-,12,8.4,560,-,-,N,-,9999,0,0,0,6,2,3,Y,Flat,Polytrack,-
South Africa,Fairview,20230703,13:55,4racing.tv Fm 65 Handicap (F & M),11,774688,8,Meredith Grey,SAF,C Maujean,Kelly Mitchley,38,3,8.13,N,N,Y,N,-,68,6f 211y,-,-,-,-,-,-,-,-,-,-,12,16,560,-,-,N,-,9999,0,0,0,7,10,8,Y,Flat,Polytrack,-
South Africa,Fairview,20230703,13:55,4racing.tv Fm 65 Handicap (F & M),7,3288-77,7,Iqembulabesifazane,SAF,Denis Schwarz,Gavin Smith,59,4,8.11,N,Y,N,N,-,34,6f 211y,-,-,-,-,-,-,-,-,-,-,12,16,560,-,-,N,-,9999,0,0,0,8,11,9,Y,Flat,Polytrack,-
South Africa,Fairview,20230703,13:55,4racing.tv Fm 65 Handicap (F & M),4,150905,5,Badrah,AUS,Gabriell Pieterse,Zietsman Oosthuizen,10,5,8.1,N,Y,N,N,-,95,6f 211y,-,-,-,-,-,-,-,-,-,-,12,12,560,-,-,N,-,9999,0,0,0,9,5,5,Y,Flat,Polytrack,-
South Africa,Fairview,20230703,13:55,4racing.tv Fm 65 Handicap (F & M),6,750-380,0,Moonstrike,SAF,Jason Gates,Jacques Strydom,24,4,8.8,N,N,N,N,-,23,6f 211y,-,-,-,-,-,-,-,-,-,-,12,17,560,-,-,N,-,9999,0,0,0,10,12,11,Y,Flat,Polytrack,-
South Africa,Fairview,20230703,13:55,4racing.tv Fm 65 Handicap (F & M),1,58-9933,3,Colorama,SAF,Mathew Thackeray,T Laing,77,4,8.6,N,Y,N,N,-,144,6f 211y,-,-,-,-,-,-,-,-,-,-,12,8.4,560,-,-,Y,-,9999,0,0,0,11,3,4,Y,Flat,Polytrack,-
South Africa,Fairview,20230703,13:55,4racing.tv Fm 65 Handicap (F & M),3,7-03688,8,Nkalanzinzi,SAF,Devin Ashby,Juan Nel,35,4,8.4,N,N,Y,N,-,74,6f 211y,-,-,-,-,-,-,-,-,-,-,12,17,560,-,-,N,-,9999,0,0,0,12,7,12,Y,Flat,Polytrack,-
United Kingdom,Pontefract,20230703,14:10,21st Wilfred Underwood Memorial Handicap (Female Amateur Jockeys) (Class 5),2,56-5581,1,Lenny's Spirit,FR,Miss Sophie Smith,E A L Dunlop,18,5,10.7,N,N,Y,N,68,199,1m 2f 5y,-,-,-,-,-,-,-,-,-,-,10,8.8,9,-,5,Y, Good To Firm,2.5,68,0,-4,1,4,3,Y,Flat,Turf,54
United Kingdom,Pontefract,20230703,14:10,21st Wilfred Underwood Memorial Handicap (Female Amateur Jockeys) (Class 5),10,4443-21,1,Unplugged,IRE,Miss Serena Brotherton,M & D Easterby,24,7,10.7,N,N,N,Y,68,289,1m 2f 5y,-,-,-,-,-,-,-,-,-,-,10,3,3.1,-,5,Y, Good To Firm,3.63,71,0,-4,2,2,1,Y,Flat,Turf,61
United Kingdom,Pontefract,20230703,14:10,21st Wilfred Underwood Memorial Handicap (Female Amateur Jockeys) (Class 5),4,353316,6,Rievaulx Raver,IRE,Miss Amy Collier,R Fell & S Murray,11,3,10.1,Y,N,N,N,72,174,1m 2f 5y,-,-,-,-,-,-,-,-,-,-,10,9.2,9.4,-,5,N, Good To Firm,4.3575,66,0,9,3,5,5,Y,Flat,Turf,53
United Kingdom,Pontefract,20230703,14:10,21st Wilfred Underwood Memorial Handicap (Female Amateur Jockeys) (Class 5),3,7870-08,8,El Bello,GB,Miss S L Bowen,M Walford,28,4,10.4,N,N,N,N,65,36,1m 2f 5y,-,-,-,-,-,-,-,-,-,-,10,44,46,-,5,N, Good To Firm,4.6625,59,0,7,4,10,10,Y,Flat,Turf,41
United Kingdom,Pontefract,20230703,14:10,21st Wilfred Underwood Memorial Handicap (Female Amateur Jockeys) (Class 5),9,5-52353,3,Dancing Gypsy,GB,Miss Becky Smith,J G M O'Shea,38,3,9.11,Y,N,N,N,68,137,1m 2f 5y,-,-,-,-,-,-,-,-,-,-,10,15,16.5,-,5,N, Good To Firm,6.7725,66,0,2,5,6,7,Y,Flat,Turf,39
United Kingdom,Pontefract,20230703,14:10,21st Wilfred Underwood Memorial Handicap (Female Amateur Jockeys) (Class 5),8,250-612,2,Sameem,IRE,Mrs Emily Roberts,T D Easterby,4,7,9.13,N,N,Y,N,60,299,1m 2f 5y,-,-,-,-,-,-,-,-,-,-,10,9,9.2,-,5,Y, Good To Firm,7.78,72,1,-10,6,1,4,Y,Flat,Turf,59
United Kingdom,Pontefract,20230703,14:10,21st Wilfred Underwood Memorial Handicap (Female Amateur Jockeys) (Class 5),1,86-5179,9,Masque Of Anarchy,IRE,Miss Olive Nicholls,Craig Lidster,16,7,10.9,N,N,Y,Y,70,105,1m 2f 5y,-,-,-,-,-,-,-,-,-,-,10,8,8.4,-,5,N, Good To Firm,9.5225,69,-2,21,7,9,2,Y,Flat,Turf,42
United Kingdom,Pontefract,20230703,14:10,21st Wilfred Underwood Memorial Handicap (Female Amateur Jockeys) (Class 5),7,646313,3,Dandy's Angel,IRE,Miss Lois Teal,J S Wainwright,13,6,9.6,N,N,Y,N,53,283,1m 2f 5y,-,-,-,-,-,-,-,-,-,-,10,14,14.5,-,5,Y, Good To Firm,9.8025,67,1,-1,8,3,6,Y,Flat,Turf,56
United Kingdom,Pontefract,20230703,14:10,21st Wilfred Underwood Memorial Handicap (Female Amateur Jockeys) (Class 5),5,206-260,0,Billy Roberts,IRE,Miss Stephanie Jardeback,Simon Whitaker,16,10,10.7,N,Y,Y,N,68,130,1m 2f 5y,-,-,-,-,-,-,-,-,-,-,10,23,24,-,5,N, Good To Firm,10.0725,71,-2,18,9,7,8,Y,Flat,Turf,32
United Kingdom,Pontefract,20230703,14:10,21st Wilfred Underwood Memorial Handicap (Female Amateur Jockeys) (Class 5),6,9-64,4,Twoforthegutter,IRE,Miss Alice Stevens,Ian Williams,29,3,9.5,N,N,N,N,62,123,1m 2f 5y,-,-,-,-,-,-,-,-,-,-,10,40,48,-,5,N, Good To Firm,10.295,63,0,1,10,8,9,Y,Flat,Turf,19
United Kingdom,Southwell,20230703,14:25,At The Races App Market Movers Handicap Chase (Class 4),-,4/P12P-1,1,Wick Green,GB,Luca Morgan,B Pauling,47,10,11.9,N,N,Y,N,117,271,3m 60y,-,-,-,-,-,-,-,-,-,-,4,2.4,2.44,-,4,N, Good,25.075,126,0,5,1,1,1,Y,Jump,Turf,111
United Kingdom,Southwell,20230703,14:25,At The Races App Market Movers Handicap Chase (Class 4),-,42/171-3,3,Tango Boy,IRE,Danny McMenamin,N P Mulholland,27,10,11.4,N,N,Y,N,112,259,3m 60y,-,-,-,-,-,-,-,-,-,-,4,6,6.2,-,4,N, Good,36.125,129,0,1,2,2,3,Y,Jump,Turf,114
United Kingdom,Southwell,20230703,14:25,At The Races App Market Movers Handicap Chase (Class 4),-,11P5-P3,3,Shetland Bus,GER,Luke Scott,Dr R D P Newland,30,10,11.8,N,N,Y,N,116,167,3m 60y,-,-,-,-,-,-,-,-,-,-,4,6.2,6.6,-,4,N, Good,37.015,133,0,-5,3,4,4,Y,Jump,Turf,34
United Kingdom,Southwell,20230703,14:25,At The Races App Market Movers Handicap Chase (Class 4),-,P1P9-P4,4,Fairlawn Flyer,GB,S Bowen,P Bowen,11,7,11.2,N,N,Y,N,110,170,3m 60y,-,-,-,-,-,-,-,-,-,-,4,3.75,3.8,-,4,N, Good,44.385,132,0,-5,4,3,2,Y,Jump,Turf,70
South Africa,Fairview,20230703,14:30,"Play Soccer 6, 10 And 13 Fm 80 Handicap (F & M)",8,978613,3,Chere For Me,SAF,C Maujean,Jacques Strydom,3,3,9.12,N,Y,Y,N,-,277,6f 211y,-,-,-,-,-,-,-,-,-,-,10,9,560,-,-,Y,-,9999,0,0,0,1,1,2,Y,Flat,Polytrack,-
South Africa,Fairview,20230703,14:30,"Play Soccer 6, 10 And 13 Fm 80 Handicap (F & M)",2,1-51440,0,Carbonado,SAF,Luyolo Mxothwa,Sharon Kotzen,35,3,9.11,N,Y,Y,N,-,164,6f 211y,-,-,-,-,-,-,-,-,-,-,10,13.5,560,-,-,N,-,9999,0,0,0,2,5,6,Y,Flat,Polytrack,-
South Africa,Fairview,20230703,14:30,"Play Soccer 6, 10 And 13 Fm 80 Handicap (F & M)",6,6071-10,0,Pinnacle,SAF,Marco V'Rensburg,Gavin Smith,35,3,9.1,N,Y,N,N,-,160,6f 211y,-,-,-,-,-,-,-,-,-,-,10,15.5,560,-,-,Y,-,9999,0,0,0,3,6,8,Y,Flat,Polytrack,-
South Africa,Fairview,20230703,14:30,"Play Soccer 6, 10 And 13 Fm 80 Handicap (F & M)",4,64-3113,3,Bonnaroo,SAF,R Fourie,Alan Greeff,35,4,9.1,Y,Y,N,N,-,221,6f 211y,-,-,-,-,-,-,-,-,-,-,10,2.5,3.45,-,-,Y,-,9999,0,0,0,4,2,1,Y,Flat,Polytrack,-
South Africa,Fairview,20230703,14:30,"Play Soccer 6, 10 And 13 Fm 80 Handicap (F & M)",7,406553,3,Flame Flower,SAF,Yuzae Ramzan,Gavin Smith,35,4,9.1,N,N,Y,N,-,197,6f 211y,-,-,-,-,-,-,-,-,-,-,10,10,560,-,-,Y,-,9999,0,0,0,5,4,3,Y,Flat,Polytrack,-
South Africa,Fairview,20230703,14:30,"Play Soccer 6, 10 And 13 Fm 80 Handicap (F & M)",9,8-64118,8,Daughter Of Zeus,SAF,Francois Herholdt,Alan Greeff,17,5,9.9,N,N,Y,N,-,199,6f 211y,-,-,-,-,-,-,-,-,-,-,10,10,560,-,-,N,-,9999,0,0,0,6,3,4,Y,Flat,Polytrack,-
South Africa,Fairview,20230703,14:30,"Play Soccer 6, 10 And 13 Fm 80 Handicap (F & M)",3,8615-58,8,Sacred Lotus,SAF,Denis Schwarz,Gavin Smith,129,5,9.9,N,N,Y,Y,-,128,6f 211y,-,-,-,-,-,-,-,-,-,-,10,17,560,-,-,N,-,9999,0,0,0,7,7,9,Y,Flat,Polytrack,-
South Africa,Fairview,20230703,14:30,"Play Soccer 6, 10 And 13 Fm 80 Handicap (F & M)",5,541-294,4,Demigod,SAF,S Khumalo,Gavin Smith,17,4,8.11,N,Y,N,N,-,105,6f 211y,-,-,-,-,-,-,-,-,-,-,10,10,560,-,-,N,-,9999,0,0,0,8,9,5,Y,Flat,Polytrack,-
South Africa,Fairview,20230703,14:30,"Play Soccer 6, 10 And 13 Fm 80 Handicap (F & M)",10,540-159,9,Opulence,SAF,Teaque Gould,Alan Greeff,31,4,8.11,N,Y,N,N,-,70,6f 211y,-,-,-,-,-,-,-,-,-,-,10,13.5,560,-,-,N,-,9999,0,0,0,9,10,7,Y,Flat,Polytrack,-
South Africa,Fairview,20230703,14:30,"Play Soccer 6, 10 And 13 Fm 80 Handicap (F & M)",1,144-439,9,For All We Know,SAF,Sandile Khathi,Alan Greeff,17,4,8.1,N,Y,N,N,-,110,6f 211y,-,-,-,-,-,-,-,-,-,-,10,17,560,-,-,N,-,9999,0,0,0,10,8,10,Y,Flat,Polytrack,-
United Kingdom,Pontefract,20230703,14:40,Napoleons Casino Bradford Handicap (Class 6),7,523-822,2,Glendown,IRE,D Allan,T D Easterby,9,3,9.4,Y,N,N,N,60,263,5f 3y,-,-,-,-,-,-,-,-,-,-,11,5.6,6,-,6,Y, Good To Firm,1.925,73,0,-3,1,1,2,Y,Flat,Turf,47
United Kingdom,Pontefract,20230703,14:40,Napoleons Casino Bradford Handicap (Class 6),1,1-75270,0,Blazing Hot,GB,Jason Hart,D C Griffiths,3,6,10,N,N,Y,N,65,83,5f 3y,-,-,-,-,-,-,-,-,-,-,11,7.2,7.4,-,6,N, Good To Firm,2.135,70,-1,4,2,10,4,Y,Flat,Turf,46
United Kingdom,Pontefract,20230703,14:40,Napoleons Casino Bradford Handicap (Class 6),5,302505,5,Mumcat,GB,Sam James,J Coward,11,4,9.8,N,N,N,N,59,89,5f 3y,-,-,-,-,-,-,-,-,-,-,11,13,13.5,-,6,N, Good To Firm,2.8525,74,0,4,3,9,6,Y,Flat,Turf,44
United Kingdom,Pontefract,20230703,14:40,Napoleons Casino Bradford Handicap (Class 6),10,47-7925,5,So Grateful,GB,S A Gray,M & D Easterby,39,5,10,Y,N,Y,N,65,209,5f 3y,-,-,-,-,-,-,-,-,-,-,11,9.6,10.5,-,6,Y, Good To Firm,3.0975,72,-1,6,4,3,5,Y,Flat,Turf,61
United Kingdom,Pontefract,20230703,14:40,Napoleons Casino Bradford Handicap (Class 6),11,346-922,2,Emeralds Pride,GB,Connor Beasley,M Dods,24,4,9.1,Y,N,N,N,61,252,5f 3y,-,-,-,-,-,-,-,-,-,-,11,6.8,7,-,6,Y, Good To Firm,3.1075,72,-1,3,5,2,3,Y,Flat,Turf,56
United Kingdom,Pontefract,20230703,14:40,Napoleons Casino Bradford Handicap (Class 6),9,925-595,5,Sherdil,IRE,Ryan Sexton,P T Midgley,31,4,10,N,N,Y,N,65,116,5f 3y,-,-,-,-,-,-,-,-,-,-,11,16,16.5,-,6,N, Good To Firm,3.325,75,0,-2,6,7,7,Y,Flat,Turf,44
United Kingdom,Pontefract,20230703,14:40,Napoleons Casino Bradford Handicap (Class 6),6,06-0548,8,Dunnington Lad,IRE,T Eaves,P Winks,15,3,9.4,N,N,Y,N,60,171,5f 3y,-,-,-,-,-,-,-,-,-,-,11,46,95,-,6,Y, Good To Firm,4.1475,73,0,-4,7,5,9,Y,Flat,Turf,61
United Kingdom,Pontefract,20230703,14:40,Napoleons Casino Bradford Handicap (Class 6),8,2324-48,8,Dream Deal,GB,J Garritty,D Brooke,24,4,9.4,N,N,N,N,55,112,5f 3y,-,-,-,-,-,-,-,-,-,-,11,20,25,-,6,N, Good To Firm,4.5575,68,0,0,8,8,8,Y,Flat,Turf,30
United Kingdom,Pontefract,20230703,14:40,Napoleons Casino Bradford Handicap (Class 6),3,8-08639,9,Next Second,GB,L Morris,Mrs R Carr,18,4,8.9,N,N,Y,N,46,143,5f 3y,-,-,-,-,-,-,-,-,-,-,11,46,80,-,6,Y, Good To Firm,4.64,70,0,-8,9,6,10,Y,Flat,Turf,44
United Kingdom,Pontefract,20230703,14:40,Napoleons Casino Bradford Handicap (Class 6),2,590-9,9,Zerbinetta,IRE,D Fentiman,Mrs A Duffield,28,3,8.4,N,N,N,N,45,24,5f 3y,-,-,-,-,-,-,-,-,-,-,11,65,80,-,6,N, Good To Firm,5.0075,57,0,-5,10,11,11,Y,Flat,Turf,28
United Kingdom,Pontefract,20230703,14:40,Napoleons Casino Bradford Handicap (Class 6),4,51-8854,4,J R Cavagin,IRE,G Lee,P T Midgley,13,5,10,N,N,Y,N,65,191,5f 3y,-,-,-,-,-,-,-,-,-,-,11,4.4,4.6,-,6,N, Good To Firm,5.125,70,-1,3,11,4,1,Y,Flat,Turf,57
United Kingdom,Southwell,20230703,15:00,Download The At The Races App Handicap Chase (Class 5),-,4357-21,1,Getaway Jewel,IRE,B S Hughes,Micky Hammond,7,9,11.13,N,N,N,Y,92,332,1m 7f 182y,-,-,-,-,-,-,-,-,-,-,7,5.2,5.3,-,5,Y, Good,5.195,105,0,9,1,1,3,Y,Jump,Turf,96
United Kingdom,Southwell,20230703,15:00,Download The At The Races App Handicap Chase (Class 5),-,3333-23,3,Uncle O,GB,Benjamin Poste,C Hobson,7,9,10.2,N,N,N,N,74,174,1m 7f 182y,-,-,-,-,-,-,-,-,-,-,7,10,10.5,-,5,Y, Good,7.97,109,0,0,2,5,6,Y,Jump,Turf,88
United Kingdom,Southwell,20230703,15:00,Download The At The Races App Handicap Chase (Class 5),-,351P-53,3,Going Mobile,IRE,Jonathan England,S England,16,8,11.4,N,N,Y,N,90,188,1m 7f 182y,-,-,-,-,-,-,-,-,-,-,7,7.8,8,-,5,N, Good,11.9025,107,0,-8,3,4,4,Y,Jump,Turf,92
United Kingdom,Southwell,20230703,15:00,Download The At The Races App Handicap Chase (Class 5),-,451-62F,F,Rocambolas,FR,Dylan Whelan,B Pauling,24,6,10.11,N,N,Y,N,83,239,1m 7f 182y,-,-,-,-,-,-,-,-,-,-,7,4.6,4.8,-,5,N, Good,14.35,107,0,10,4,2,2,Y,Jump,Turf,87
United Kingdom,Southwell,20230703,15:00,Download The At The Races App Handicap Chase (Class 5),-,5364P-4,4,King Of Quinta,FR,Sam Twiston-Davies,N A Twiston-Davies,24,5,10.5,N,N,N,N,77,133,1m 7f 182y,-,-,-,-,-,-,-,-,-,-,7,10,10.5,-,5,N, Good,19.5375,93,0,-5,5,7,5,Y,Jump,Turf,76
United Kingdom,Southwell,20230703,15:00,Download The At The Races App Handicap Chase (Class 5),-,8/08-735,5,Mawlood,IRE,Tabitha Worsley,Georgie Howell,18,7,10.2,N,N,N,N,69,141,1m 7f 182y,-,-,-,-,-,-,-,-,-,-,7,36,40,-,5,Y, Good,22.0925,96,0,2,6,6,7,Y,Jump,Turf,59
United Kingdom,Southwell,20230703,15:00,Download The At The Races App Handicap Chase (Class 5),-,P1P535-,-,Duke Of Luckley,IRE,S Bowen,M Keighley,78,6,12,N,N,Y,Y,100,196,1m 7f 182y,-,-,-,-,-,-,-,-,-,-,7,3.9,4.1,-,5,N, Good,9999,108,0,0,7,3,1,Y,Jump,Turf,109
South Africa,Fairview,20230703,15:05,Racehorse Owners Association Mr 86 Handicap,5,34146-9,9,Gallic Tribe,SAF,Jason Gates,Jacques Strydom,24,5,9.13,N,N,N,N,-,87,5f 212y,-,-,-,-,-,-,-,-,-,-,11,17,560,-,-,N,-,9999,0,0,0,1,11,7,Y,Flat,Polytrack,-
South Africa,Fairview,20230703,15:05,Racehorse Owners Association Mr 86 Handicap,6,0-41232,2,Teatro,SAF,R Fourie,Alan Greeff,24,3,9.1,Y,N,Y,Y,-,274,5f 212y,-,-,-,-,-,-,-,-,-,-,11,3.7,5.4,-,-,N,-,9999,0,0,0,2,2,1,Y,Flat,Polytrack,-
South Africa,Fairview,20230703,15:05,Racehorse Owners Association Mr 86 Handicap,9,725337,7,European Summer,SAF,C Maujean,Emmanuel Kaknis,17,4,9.1,N,Y,N,N,-,142,5f 212y,-,-,-,-,-,-,-,-,-,-,11,17,560,-,-,N,-,9999,0,0,0,3,9,8,Y,Flat,Polytrack,-
South Africa,Fairview,20230703,15:05,Racehorse Owners Association Mr 86 Handicap,11,65945-2,2,Light That Loose,SAF,Marco V'Rensburg,Cliffie Miller,38,5,9.9,N,N,Y,N,-,209,5f 212y,-,-,-,-,-,-,-,-,-,-,11,15.5,560,-,-,Y,-,9999,0,0,0,4,4,6,Y,Flat,Polytrack,-
South Africa,Fairview,20230703,15:05,Racehorse Owners Association Mr 86 Handicap,10,5-18201,1,Transact,SAF,Luyolo Mxothwa,Sharon Kotzen,24,4,9.5,N,N,Y,N,-,216,5f 212y,-,-,-,-,-,-,-,-,-,-,11,4.9,560,-,-,N,-,9999,0,0,0,5,3,2,Y,Flat,Polytrack,-
South Africa,Fairview,20230703,15:05,Racehorse Owners Association Mr 86 Handicap,2,19-8600,0,Vista Nova,SAF,Mathew Thackeray,Gavin Smith,17,5,9.4,N,N,Y,Y,-,139,5f 212y,-,-,-,-,-,-,-,-,-,-,11,17,560,-,-,N,-,9999,0,0,0,6,10,9,Y,Flat,Polytrack,-
South Africa,Fairview,20230703,15:05,Racehorse Owners Association Mr 86 Handicap,4,338521,1,Slim Jannie,SAF,S Khumalo,Gavin Smith,38,3,9,N,N,Y,N,-,295,5f 212y,-,-,-,-,-,-,-,-,-,-,11,5.2,560,-,-,Y,-,9999,0,0,0,7,1,3,Y,Flat,Polytrack,-
South Africa,Fairview,20230703,15:05,Racehorse Owners Association Mr 86 Handicap,7,465704,4,Life On Mars,SAF,Yuzae Ramzan,Gavin Smith,17,5,8.11,N,Y,N,Y,-,157,5f 212y,-,-,-,-,-,-,-,-,-,-,11,17,560,-,-,Y,-,9999,0,0,0,8,6,10,Y,Flat,Polytrack,-
South Africa,Fairview,20230703,15:05,Racehorse Owners Association Mr 86 Handicap,3,8-26261,1,Captain Casanova,SAF,Denis Schwarz,Sharon Kotzen,31,3,8.8,N,Y,N,N,-,148,5f 212y,-,-,-,-,-,-,-,-,-,-,11,9,560,-,-,N,-,9999,0,0,0,9,7,4,Y,Flat,Polytrack,-
South Africa,Fairview,20230703,15:05,Racehorse Owners Association Mr 86 Handicap,8,1661-53,3,Victory Of Dubai,SAF,Gabriell Pieterse,Gavin Smith,66,4,8.5,N,N,N,Y,-,179,5f 212y,-,-,-,-,-,-,-,-,-,-,11,9,560,-,-,Y,-,9999,0,0,0,10,5,5,Y,Flat,Polytrack,-
South Africa,Fairview,20230703,15:05,Racehorse Owners Association Mr 86 Handicap,1,804604,4,Notorix,SAF,Devin Ashby,Juan Nel,7,4,8.4,N,Y,N,Y,-,146,5f 212y,-,-,-,-,-,-,-,-,-,-,11,0,0,-,-,N,-,9999,0,0,0,11,8,11,Y,Flat,Polytrack,-
South Africa,Clairefontaine,20230703,15:07,Des Forsythias Handicap Hurdle,-,1555-1,1,Lincoln,FR,G Re,J Delaunay,32,4,11,N,N,Y,N,-,232,2m 198y,-,-,-,-,-,-,-,-,-,-,9,0,0,-,-,N,-,9999,0,0,0,1,,,,,,
South Africa,Clairefontaine,20230703,15:07,Des Forsythias Handicap Hurdle,-,21-FP4,4,Theamoi,FR,N Howie,M Seror,13,4,11,N,N,N,N,-,222,2m 198y,-,-,-,-,-,-,-,-,-,-,9,0,0,-,-,N,-,9999,0,0,0,2,,,,,,
South Africa,Clairefontaine,20230703,15:07,Des Forsythias Handicap Hurdle,-,441-3,3,Jokera D'engilbert,FR,N Gauffenic,P J Fertillet,176,4,10.11,N,N,N,N,-,180,2m 198y,-,-,-,-,-,-,-,-,-,-,9,0,0,-,-,N,-,9999,0,0,0,3,,,,,,
South Africa,Clairefontaine,20230703,15:07,Des Forsythias Handicap Hurdle,-,677-53,3,Good Saulaie,FR,B Le Clerc,Mme D Mele,54,4,10.4,N,N,N,N,-,116,2m 198y,-,-,-,-,-,-,-,-,-,-,9,0,0,-,-,Y,-,9999,0,0,0,4,,,,,,
South Africa,Clairefontaine,20230703,15:07,Des Forsythias Handicap Hurdle,-,366-,-,Pridemann,FR,J Reveley,H Merienne,249,4,10.3,N,N,N,N,-,79,2m 198y,-,-,-,-,-,-,-,-,-,-,9,0,0,-,-,N,-,9999,0,0,0,5,,,,,,
South Africa,Clairefontaine,20230703,15:07,Des Forsythias Handicap Hurdle,-,P61365,5,Queen Dino,FR,Pa Grondin,L Pontoir,16,4,10.2,N,N,N,N,-,107,2m 198y,-,-,-,-,-,-,-,-,-,-,9,0,0,-,-,N,-,9999,0,0,0,6,,,,,,
South Africa,Clairefontaine,20230703,15:07,Des Forsythias Handicap Hurdle,-,2367PP,P,Black Track,FR,L Philipperon,Robert Collet,16,4,10.1,N,N,N,N,-,71,2m 198y,-,-,-,-,-,-,-,-,-,-,9,0,0,-,-,N,-,9999,0,0,0,7,,,,,,
South Africa,Clairefontaine,20230703,15:07,Des Forsythias Handicap Hurdle,-,9-F166,6,Never Risk,FR,M Chailloleau,P & C Peltier,13,4,10.1,N,N,Y,N,-,149,2m 198y,-,-,-,-,-,-,-,-,-,-,9,0,0,-,-,N,-,9999,0,0,0,8,,,,,,
South Africa,Clairefontaine,20230703,15:07,Des Forsythias Handicap Hurdle,-,47-533,3,Annie's Dream,FR,T Chevillard,S Dehez,16,4,9.13,Y,N,N,N,-,141,2m 198y,-,-,-,-,-,-,-,-,-,-,9,0,0,-,-,Y,-,9999,0,0,0,9,,,,,,
United Kingdom,Pontefract,20230703,15:15,British Stallion Studs EBF Spindrifter Novice Stakes (GBB Race) (Class 2),5,31,1,Barg,IRE,Sam James,K R Burke,11,2,9.8,N,N,Y,N,-,256,6f,-,-,-,-,-,-,-,-,-,-,5,3.65,3.7,-,2,N, Good To Firm,1.52,93,3,4,1,1,2,N,Flat,Turf,85
United Kingdom,Pontefract,20230703,15:15,British Stallion Studs EBF Spindrifter Novice Stakes (GBB Race) (Class 2),2,31,1,Twilight Romance,GB,Jason Hart,J J Quinn,16,2,9.8,N,N,Y,N,-,250,6f,-,-,-,-,-,-,-,-,-,-,5,2.18,2.24,-,2,N, Good To Firm,1.725,95,1,1,2,2,1,N,Flat,Turf,85
United Kingdom,Pontefract,20230703,15:15,British Stallion Studs EBF Spindrifter Novice Stakes (GBB Race) (Class 2),4,32,2,We Never Stop,IRE,S A Gray,K A Ryan,16,2,9.4,N,N,N,N,-,217,6f,-,-,-,-,-,-,-,-,-,-,5,11.5,13,-,2,N, Good To Firm,2.3125,90,1,-3,3,3,4,N,Flat,Turf,78
United Kingdom,Pontefract,20230703,15:15,British Stallion Studs EBF Spindrifter Novice Stakes (GBB Race) (Class 2),3,3170,0,The Camden Colt,IRE,D Tudhope,R Hannon,13,2,9.8,N,N,Y,N,87,101,6f,-,-,-,-,-,-,-,-,-,-,5,7.8,8.4,-,2,N, Good To Firm,6.94,92,-1,5,4,4,3,N,Flat,Turf,76
United Kingdom,Pontefract,20230703,15:15,British Stallion Studs EBF Spindrifter Novice Stakes (GBB Race) (Class 2),1,-,-,Miami Heat,GB,B A Curtis,D J S Ffrench Davis,-,2,9.4,N,N,N,N,-,46,6f,-,-,-,-,-,-,-,-,-,-,5,14.5,15.5,-,2,N, Good To Firm,9999,0,0,0,5,5,5,N,Flat,Turf,-
United Kingdom,Southwell,20230703,15:35,Free Tips Daily On attheraces.com Novices' Selling Hurdle (Class 4),-,2123,3,Absolute Ruler,USA,Sean Quinlan,J Candlish,7,4,11.2,N,N,Y,N,107,249,1m 7f 182y,-,-,-,-,-,-,-,-,-,-,7,1.63,1.66,-,4,N, Good,7.8475,113,0,-2,1,1,1,N,Jump,Turf,93
United Kingdom,Southwell,20230703,15:35,Free Tips Daily On attheraces.com Novices' Selling Hurdle (Class 4),-,74,4,Taghadoe,IRE,S Bowen,O Murphy,10,4,10.1,N,N,N,N,-,98,1m 7f 182y,-,-,-,-,-,-,-,-,-,-,7,19.5,28,-,4,N, Good,15.2625,0,1,-1,2,5,4,N,Jump,Turf,-
United Kingdom,Southwell,20230703,15:35,Free Tips Daily On attheraces.com Novices' Selling Hurdle (Class 4),-,807-8U1,1,No Way Pedro,IRE,Beau Morgan,B Barr,12,9,11.6,N,N,Y,N,88,211,1m 7f 182y,-,-,-,-,-,-,-,-,-,-,7,4.9,5.1,-,4,Y, Good,18.475,102,1,3,3,2,2,N,Jump,Turf,73
United Kingdom,Southwell,20230703,15:35,Free Tips Daily On attheraces.com Novices' Selling Hurdle (Class 4),-,23/4-24,4,Book of Secrets,IRE,C J Todd,C & A & Pogson,29,5,11,N,N,N,N,103,205,1m 7f 182y,-,-,-,-,-,-,-,-,-,-,7,13.5,16,-,4,N, Good,20.5925,113,0,-4,4,3,3,N,Jump,Turf,84
United Kingdom,Southwell,20230703,15:35,Free Tips Daily On attheraces.com Novices' Selling Hurdle (Class 4),-,9,9,Sholokhov Cocktail,GB,Sam Twiston-Davies,Jamie Snowden,49,5,10.7,N,N,N,N,-,36,1m 7f 182y,-,-,-,-,-,-,-,-,-,-,7,25,28,-,4,N, Good,21.9875,0,1,-7,5,7,5,N,Jump,Turf,-
United Kingdom,Southwell,20230703,15:35,Free Tips Daily On attheraces.com Novices' Selling Hurdle (Class 4),-,PPP4-75,5,O'Grady's Boy,IRE,Tabitha Worsley,G Hanmer,37,12,11,N,N,N,N,69,76,1m 7f 182y,-,-,-,-,-,-,-,-,-,-,7,70,140,-,4,N, Good,29.6125,0,1,11,6,6,7,N,Jump,Turf,-
United Kingdom,Southwell,20230703,15:35,Free Tips Daily On attheraces.com Novices' Selling Hurdle (Class 4),-,74,4,Scarlett Clipper,IRE,Liam Harrison,F O'Brien,13,6,10.7,N,N,N,N,-,110,1m 7f 182y,-,-,-,-,-,-,-,-,-,-,7,28,42,-,4,N, Good,32.62,84,0,-5,7,4,6,N,Jump,Turf,51
South Africa,Fairview,20230703,15:40,Next Fairview Racemeeting Friday 7 July Classified Stakes,4,931412,2,Great Melody,SAF,S Khumalo,Gavin Smith,7,4,9.6,N,Y,Y,N,-,323,5f 212y,-,-,-,-,-,-,-,-,-,-,11,3,560,-,-,N,-,9999,0,0,0,1,1,1,N,Flat,Polytrack,-
South Africa,Fairview,20230703,15:40,Next Fairview Racemeeting Friday 7 July Classified Stakes,5,967706,6,Russian Empire,SAF,Sandile Khathi,Emmanuel Kaknis,10,3,9.6,N,N,N,Y,-,168,5f 212y,-,-,-,-,-,-,-,-,-,-,11,16.5,560,-,-,N,-,9999,0,0,0,2,5,11,N,Flat,Polytrack,-
South Africa,Fairview,20230703,15:40,Next Fairview Racemeeting Friday 7 July Classified Stakes,10,7-01343,3,Pashtunwali,SAF,Marco V'Rensburg,Cliffie Miller,7,4,9.6,Y,N,N,Y,-,233,5f 212y,-,-,-,-,-,-,-,-,-,-,11,3,5.5,-,-,N,-,9999,0,0,0,3,3,2,N,Flat,Polytrack,-
South Africa,Fairview,20230703,15:40,Next Fairview Racemeeting Friday 7 July Classified Stakes,3,4-1797,7,Mother Of Pearl,SAF,Luyolo Mxothwa,Gavin Smith,86,3,9.3,N,N,Y,N,-,100,5f 212y,-,-,-,-,-,-,-,-,-,-,11,5.5,560,-,-,N,-,9999,0,0,0,4,8,4,N,Flat,Polytrack,-
South Africa,Fairview,20230703,15:40,Next Fairview Racemeeting Friday 7 July Classified Stakes,2,3-00396,6,Ready To Fly,SAF,C Maujean,Kelly Mitchley,35,3,9.3,N,N,N,N,-,73,5f 212y,-,-,-,-,-,-,-,-,-,-,11,12,560,-,-,N,-,9999,0,0,0,5,10,5,N,Flat,Polytrack,-
South Africa,Fairview,20230703,15:40,Next Fairview Racemeeting Friday 7 July Classified Stakes,6,242419,9,Siberian Fox,SAF,Gabriell Pieterse,Zietsman Oosthuizen,10,3,9.2,N,N,N,Y,-,241,5f 212y,-,-,-,-,-,-,-,-,-,-,11,12,560,-,-,N,-,9999,0,0,0,6,2,6,N,Flat,Polytrack,-
South Africa,Fairview,20230703,15:40,Next Fairview Racemeeting Friday 7 July Classified Stakes,8,3-34310,0,Phantomoftheforest,SAF,L Nhlapo,Kelly Mitchley,69,4,9.2,N,N,N,N,-,152,5f 212y,-,-,-,-,-,-,-,-,-,-,11,16,560,-,-,N,-,9999,0,0,0,7,6,10,N,Flat,Polytrack,-
South Africa,Fairview,20230703,15:40,Next Fairview Racemeeting Friday 7 July Classified Stakes,9,200000,0,Yaya Maria,SAF,Denis Schwarz,Zietsman Oosthuizen,7,3,8.13,N,N,N,N,-,22,5f 212y,-,-,-,-,-,-,-,-,-,-,11,12,560,-,-,N,-,9999,0,0,0,8,11,7,N,Flat,Polytrack,-
South Africa,Fairview,20230703,15:40,Next Fairview Racemeeting Friday 7 July Classified Stakes,7,1-40000,0,Joyous Jubilee,AUS,Mathew Thackeray,T Laing,24,3,8.7,N,N,N,Y,-,85,5f 212y,-,-,-,-,-,-,-,-,-,-,11,12,560,-,-,N,-,9999,0,0,0,9,9,8,N,Flat,Polytrack,-
South Africa,Fairview,20230703,15:40,Next Fairview Racemeeting Friday 7 July Classified Stakes,1,535652,2,Picture The Moment,SAF,R Fourie,Alan Greeff,24,5,8.7,Y,N,Y,N,-,206,5f 212y,-,-,-,-,-,-,-,-,-,-,11,3,560,-,-,N,-,9999,0,0,0,10,4,3,N,Flat,Polytrack,-
South Africa,Fairview,20230703,15:40,Next Fairview Racemeeting Friday 7 July Classified Stakes,11,600660,0,Absolu Noir,SAF,Kendall Minnie,Emmanuel Kaknis,10,6,8.7,N,N,Y,Y,-,130,5f 212y,-,-,-,-,-,-,-,-,-,-,11,12,560,-,-,N,-,9999,0,0,0,11,7,9,N,Flat,Polytrack,-
South Africa,Clairefontaine,20230703,15:43,Astrolabe Hurdle,-,76145F,F,Miss Kent,FR,B Le Clerc,D Artu,23,3,11,N,N,N,N,-,137,2m 198y,-,-,-,-,-,-,-,-,-,-,9,0,0,-,-,Y,-,9999,0,0,0,1,,,,,,
South Africa,Clairefontaine,20230703,15:43,Astrolabe Hurdle,-,442225,5,Mirza,FR,A Pageot,Joel Boisnard,13,3,10.1,Y,N,N,N,-,168,2m 198y,-,-,-,-,-,-,-,-,-,-,9,0,0,-,-,N,-,9999,0,0,0,2,,,,,,
South Africa,Clairefontaine,20230703,15:43,Astrolabe Hurdle,-,61,1,Voyage Prive,FR,L Zuliani,D Satalia,34,3,10.1,N,N,N,N,-,141,2m 198y,-,-,-,-,-,-,-,-,-,-,9,0,0,-,-,N,-,9999,0,0,0,3,,,,,,
South Africa,Clairefontaine,20230703,15:43,Astrolabe Hurdle,-,34,4,Aida,FR,J Reveley,Sourdeau Beauregard,30,3,10.7,N,N,N,N,-,119,2m 198y,-,-,-,-,-,-,-,-,-,-,9,0,0,-,-,N,-,9999,0,0,0,4,,,,,,
South Africa,Clairefontaine,20230703,15:43,Astrolabe Hurdle,-,32,2,Deesse Des Valois,FR,K Dubourg,Lageneste Macaire,25,3,10.7,N,N,N,N,-,177,2m 198y,-,-,-,-,-,-,-,-,-,-,9,0,0,-,-,N,-,9999,0,0,0,5,,,,,,
South Africa,Clairefontaine,20230703,15:43,Astrolabe Hurdle,-,645,5,Kiara Du Seuil,FR,S Boulet,M Seror,93,3,10.5,N,N,N,N,-,100,2m 198y,-,-,-,-,-,-,-,-,-,-,9,0,0,-,-,N,-,9999,0,0,0,6,,,,,,
South Africa,Clairefontaine,20230703,15:43,Astrolabe Hurdle,-,5,5,Ker Adele,FR,V Morin,J Jouin,-,3,10.5,N,N,N,N,-,50,2m 198y,-,-,-,-,-,-,-,-,-,-,9,0,0,-,-,N,-,9999,0,0,0,7,,,,,,
South Africa,Clairefontaine,20230703,15:43,Astrolabe Hurdle,-,4,4,The Good Girl,FR,N Howie,M Seror,51,3,10.5,N,N,N,N,-,64,2m 198y,-,-,-,-,-,-,-,-,-,-,9,0,0,-,-,N,-,9999,0,0,0,8,,,,,,
South Africa,Clairefontaine,20230703,15:43,Astrolabe Hurdle,-,-,-,Santa Coko,FR,G Re,J Delaunay,-,3,10.5,N,N,N,N,-,14,2m 198y,-,-,-,-,-,-,-,-,-,-,9,0,0,-,-,N,-,9999,0,0,0,9,,,,,,
United Kingdom,Pontefract,20230703,15:50,Wayne Conway Memorial Handicap (Class 6),3,88-92,2,Rogue Tornado,GB,D Tudhope,Tom Clover,32,3,9.6,N,N,N,N,62,141,1m 4f 5y,-,-,-,-,-,-,-,-,-,-,6,2.12,2.2,-,6,N, Good To Firm,4.845,74,0,-3,1,2,1,Y,Flat,Turf,63
United Kingdom,Pontefract,20230703,15:50,Wayne Conway Memorial Handicap (Class 6),2,2248,8,Captain Potter,GB,R Kingscote,Charlie Johnston,27,3,9.11,N,N,N,N,67,106,1m 4f 5y,-,-,-,-,-,-,-,-,-,-,6,6.4,6.6,-,6,N, Good To Firm,4.8475,72,-1,4,2,4,2,Y,Flat,Turf,46
United Kingdom,Pontefract,20230703,15:50,Wayne Conway Memorial Handicap (Class 6),5,70676-,-,Natacata,GB,L Morris,Sir Mark Prescott,257,3,9.8,N,N,N,N,64,47,1m 4f 5y,-,-,-,-,-,-,-,-,-,-,6,7.4,7.8,-,6,N, Good To Firm,5.245,61,-2,6,3,6,4,Y,Flat,Turf,45
United Kingdom,Pontefract,20230703,15:50,Wayne Conway Memorial Handicap (Class 6),6,06-0395,5,Cantalupo Bella,GB,S A Gray,M & D Easterby,6,3,8.11,N,N,N,N,53,58,1m 4f 5y,-,-,-,-,-,-,-,-,-,-,6,18,21,-,6,N, Good To Firm,5.6325,73,0,-8,4,5,6,Y,Flat,Turf,55
United Kingdom,Pontefract,20230703,15:50,Wayne Conway Memorial Handicap (Class 6),1,05035,5,Cosmic View,GB,Harry Burns,S & E Crisford,17,3,9.8,N,N,N,N,64,132,1m 4f 5y,-,-,-,-,-,-,-,-,-,-,6,15,15.5,-,6,Y, Good To Firm,7.7675,72,-1,4,5,3,5,Y,Flat,Turf,56
United Kingdom,Pontefract,20230703,15:50,Wayne Conway Memorial Handicap (Class 6),4,567-29,9,Artisan Dancer,FR,B A Curtis,Charlie Johnston,51,3,9.11,N,N,N,N,67,141,1m 4f 5y,-,-,-,-,-,-,-,-,-,-,6,7.2,7.4,-,6,Y, Good To Firm,14.4425,76,-1,6,6,1,3,Y,Flat,Turf,33
United Kingdom,Southwell,20230703,16:10,At The Races App Form Study Novices' Handicap Hurdle (Class 5),-,46P-,-,Ballynaveen Boy,IRE,Toby Wynne,S Allwood,68,4,10.2,N,N,N,N,75,102,1m 7f 182y,-,-,-,-,-,-,-,-,-,-,11,85,110,-,5,N, Good,9.21,95,-1,-6,1,10,10,Y,Jump,Turf,41
United Kingdom,Southwell,20230703,16:10,At The Races App Form Study Novices' Handicap Hurdle (Class 5),-,432/5,5,We Still Believe,IRE,Craig Nichol,D Bourke,14,5,11.8,N,N,N,N,94,177,1m 7f 182y,-,-,-,-,-,-,-,-,-,-,11,22,24,-,5,N, Good,9.42,99,1,34,2,5,8,Y,Jump,Turf,57
United Kingdom,Southwell,20230703,16:10,At The Races App Form Study Novices' Handicap Hurdle (Class 5),-,052525/,/,Oasis Prince,GB,Jamie Hamilton,M Walford,26,7,12,N,N,Y,N,100,209,1m 7f 182y,-,-,-,-,-,-,-,-,-,-,11,13.5,15,-,5,N, Good,11.14,105,0,32,3,1,6,Y,Jump,Turf,-
United Kingdom,Southwell,20230703,16:10,At The Races App Form Study Novices' Handicap Hurdle (Class 5),-,P6P/P-72,2,Tally's Son,GB,Harry Reed,N P Mulholland,26,9,10.3,N,N,N,N,75,125,1m 7f 182y,-,-,-,-,-,-,-,-,-,-,11,18,19.5,-,5,N, Good,14.1625,102,0,1,4,7,7,Y,Jump,Turf,76
United Kingdom,Southwell,20230703,16:10,At The Races App Form Study Novices' Handicap Hurdle (Class 5),-,P2P5-24,4,George Mallory,GB,Lewis Dobb,C & A & Pogson,42,7,10.4,Y,N,N,N,76,175,1m 7f 182y,-,-,-,-,-,-,-,-,-,-,11,11.5,12,-,5,N, Good,21.215,106,0,7,5,6,5,Y,Jump,Turf,85
United Kingdom,Southwell,20230703,16:10,At The Races App Form Study Novices' Handicap Hurdle (Class 5),-,43-3,3,Riggsby,IRE,Jonathan England,S England,21,5,11.9,N,N,Y,N,95,199,1m 7f 182y,-,-,-,-,-,-,-,-,-,-,11,5.4,5.6,-,5,N, Good,22.4125,100,0,-2,6,2,2,Y,Jump,Turf,93
United Kingdom,Southwell,20230703,16:10,At The Races App Form Study Novices' Handicap Hurdle (Class 5),-,3866-24,4,Ez Tiger,IRE,Bryan Carver,A M Hales,21,6,10.9,N,N,N,N,81,188,1m 7f 182y,-,-,-,-,-,-,-,-,-,-,11,7.4,7.8,-,5,Y, Good,23.2625,104,0,-3,7,3,4,Y,Jump,Turf,64
United Kingdom,Southwell,20230703,16:10,At The Races App Form Study Novices' Handicap Hurdle (Class 5),-,24152-5,5,Getaman,IRE,Thomas Bellamy,D J Jeffreys,44,10,10.8,N,N,Y,N,80,181,1m 7f 182y,-,-,-,-,-,-,-,-,-,-,11,6,6.6,-,5,N, Good,24.95,94,0,-4,8,4,3,Y,Jump,Turf,-
United Kingdom,Southwell,20230703,16:10,At The Races App Form Study Novices' Handicap Hurdle (Class 5),-,65239-3,3,Gone In Sixty,GB,Harry Bannister,A M Hales,24,6,10.1,N,N,N,N,82,105,1m 7f 182y,-,-,-,-,-,-,-,-,-,-,11,4.7,4.9,-,5,N, Good,26.375,106,0,-2,9,9,1,Y,Jump,Turf,85
United Kingdom,Southwell,20230703,16:10,At The Races App Form Study Novices' Handicap Hurdle (Class 5),-,000/8P8,8,Naasik,GB,Joe Williamson,J R Norton,24,10,10.2,N,N,N,N,64,29,1m 7f 182y,-,-,-,-,-,-,-,-,-,-,11,170,270,-,5,N, Good,30.75,85,0,3,10,11,11,Y,Jump,Turf,30
United Kingdom,Southwell,20230703,16:10,At The Races App Form Study Novices' Handicap Hurdle (Class 5),-,568/547-,-,Dee Eire,GB,S Bowen,G Hanmer,143,6,11.5,N,N,N,N,91,111,1m 7f 182y,-,-,-,-,-,-,-,-,-,-,11,23,26,-,5,Y, Good,9999,94,0,0,11,8,9,Y,Jump,Turf,45
South Africa,Clairefontaine,20230703,16:17,Belle Isle Claiming Hurdle,-,3-2501,1,Idole De Mee,FR,A Pageot,Joel Boisnard,211,5,11.4,N,N,N,N,-,160,2m 1f 196y,-,-,-,-,-,-,-,-,-,-,12,0,0,-,-,N,-,9999,0,0,0,1,,,,,,
South Africa,Clairefontaine,20230703,16:17,Belle Isle Claiming Hurdle,-,4-17,7,Idalgo Magic,FR,M Chailloleau,C&G & Taupin,513,5,11.4,N,N,N,N,-,160,2m 1f 196y,-,-,-,-,-,-,-,-,-,-,12,0,0,-,-,N,-,9999,0,0,0,2,,,,,,
South Africa,Clairefontaine,20230703,16:17,Belle Isle Claiming Hurdle,-,/P-PPP,P,Express Sport,FR,G Richard,G Chaignon,66,9,11,N,N,N,N,-,41,2m 1f 196y,-,-,-,-,-,-,-,-,-,-,12,0,0,-,-,N,-,9999,0,0,0,3,,,,,,
South Africa,Clairefontaine,20230703,16:17,Belle Isle Claiming Hurdle,-,F-3F31,1,Lulu D'anjou,FR,C Riou,J Delaunay,674,5,11,N,N,N,N,-,215,2m 1f 196y,-,-,-,-,-,-,-,-,-,-,12,0,0,-,-,N,-,9999,0,0,0,4,,,,,,
South Africa,Clairefontaine,20230703,16:17,Belle Isle Claiming Hurdle,-,0-8755,5,Karl Edouard,FR,T Vabois,Jean Dubois,118,6,10.1,N,N,N,N,-,109,2m 1f 196y,-,-,-,-,-,-,-,-,-,-,12,0,0,-,-,N,-,9999,0,0,0,5,,,,,,
South Africa,Clairefontaine,20230703,16:17,Belle Isle Claiming Hurdle,-,544F/5,5,Blue Sky Sorrento,FR,E Bureller,E Lecoiffier,1442,7,10.1,N,N,N,N,-,116,2m 1f 196y,-,-,-,-,-,-,-,-,-,-,12,0,0,-,-,N,-,9999,0,0,0,6,,,,,,
South Africa,Clairefontaine,20230703,16:17,Belle Isle Claiming Hurdle,-,75P7P8,8,Naos,-,R Mayeur,P Lenogue,37,5,10.1,N,N,N,N,-,36,2m 1f 196y,-,-,-,-,-,-,-,-,-,-,12,0,0,-,-,N,-,9999,0,0,0,7,,,,,,
South Africa,Clairefontaine,20230703,16:17,Belle Isle Claiming Hurdle,-,P6426-6,6,Oscars Leader,IRE,N Gauffenic,A Hollinshead,16,10,10.1,N,N,N,N,105,89,2m 1f 196y,-,-,-,-,-,-,-,-,-,-,12,0,0,-,-,N,-,9999,0,0,0,8,,,,,,
South Africa,Clairefontaine,20230703,16:17,Belle Isle Claiming Hurdle,-,PP25-2,2,Platina,FR,B Claudic,Mr D Torok,245,5,10.5,N,N,N,N,-,167,2m 1f 196y,-,-,-,-,-,-,-,-,-,-,12,0,0,-,-,N,-,9999,0,0,0,9,,,,,,
South Africa,Clairefontaine,20230703,16:17,Belle Isle Claiming Hurdle,-,25-42F,F,Normande,FR,E Edge,Mlle G Menato,54,6,10.5,N,N,Y,N,-,229,2m 1f 196y,-,-,-,-,-,-,-,-,-,-,12,0,0,-,-,N,-,9999,0,0,0,10,,,,,,
South Africa,Clairefontaine,20230703,16:17,Belle Isle Claiming Hurdle,-,/182-6,6,Hoirie D'oudairies,FR,B Le Clerc,A Le Clerc,1040,6,10.5,N,N,N,N,-,159,2m 1f 196y,-,-,-,-,-,-,-,-,-,-,12,0,0,-,-,N,-,9999,0,0,0,11,,,,,,
South Africa,Clairefontaine,20230703,16:17,Belle Isle Claiming Hurdle,-,7-0P60,0,Fury Road,FR,G Meunier,M Rolland,25,6,10.5,N,N,Y,N,-,124,2m 1f 196y,-,-,-,-,-,-,-,-,-,-,12,0,0,-,-,N,-,9999,0,0,0,12,,,,,,
United Kingdom,Pontefract,20230703,16:25,'89 And Reunited' Memorial Handicap (Class 4),7,70-2824,4,Hortzadar,GB,D Tudhope,D O'Meara,20,8,9.12,N,N,Y,Y,81,274,1m 6y,-,-,-,-,-,-,-,-,-,-,9,13.5,16,-,4,N, Good To Firm,1.0525,92,0,1,1,4,5,Y,Flat,Turf,78
United Kingdom,Pontefract,20230703,16:25,'89 And Reunited' Memorial Handicap (Class 4),3,614-431,1,Cancan In The Rain,IRE,R Kingscote,Charlie Johnston,10,3,9,N,N,Y,N,78,282,1m 6y,-,-,-,-,-,-,-,-,-,-,9,4.5,4.6,-,4,N, Good To Firm,1.16,90,1,-10,2,2,1,Y,Flat,Turf,82
United Kingdom,Pontefract,20230703,16:25,'89 And Reunited' Memorial Handicap (Class 4),2,401067,7,Imperial Sands,IRE,Connor Beasley,A Watson,10,5,10.1,N,N,Y,N,84,132,1m 6y,-,-,-,-,-,-,-,-,-,-,9,15,16,-,4,N, Good To Firm,2.1075,89,-1,0,3,9,7,Y,Flat,Turf,56
United Kingdom,Pontefract,20230703,16:25,'89 And Reunited' Memorial Handicap (Class 4),4,6-2213,3,Laser Guided,IRE,O J Orr,S & E Crisford,15,3,9,Y,N,Y,N,78,276,1m 6y,-,-,-,-,-,-,-,-,-,-,9,6.4,6.8,-,4,N, Good To Firm,2.325,91,0,-7,4,3,4,Y,Flat,Turf,77
United Kingdom,Pontefract,20230703,16:25,'89 And Reunited' Memorial Handicap (Class 4),1,1-09023,3,Phantasy Mac,IRE,B A Curtis,G Boughey,62,4,9.12,N,N,Y,N,81,256,1m 6y,-,-,-,-,-,-,-,-,-,-,9,14.5,15.5,-,4,Y, Good To Firm,2.47,90,0,7,5,5,6,Y,Flat,Turf,-
United Kingdom,Pontefract,20230703,16:25,'89 And Reunited' Memorial Handicap (Class 4),8,12-1,1,Ottoman Prince,IRE,L Morris,Sir Mark Prescott,39,3,9.9,N,N,N,N,87,215,1m 6y,-,-,-,-,-,-,-,-,-,-,9,6,6.4,-,4,N, Good To Firm,2.595,89,0,-1,6,7,3,Y,Flat,Turf,-
United Kingdom,Pontefract,20230703,16:25,'89 And Reunited' Memorial Handicap (Class 4),5,142-264,4,Lion's Dream,FR,Alistair Rawlinson,M Appleby,19,4,9.1,N,N,N,N,79,150,1m 6y,-,-,-,-,-,-,-,-,-,-,9,24,36,-,4,N, Good To Firm,3.64,89,0,5,7,8,9,Y,Flat,Turf,50
United Kingdom,Pontefract,20230703,16:25,'89 And Reunited' Memorial Handicap (Class 4),6,128022,2,Tropez Power,IRE,Jason Hart,J J Quinn,16,4,10.1,N,N,Y,N,84,291,1m 6y,-,-,-,-,-,-,-,-,-,-,9,5.4,5.6,-,4,Y, Good To Firm,4.72,89,0,5,8,1,2,Y,Flat,Turf,66
United Kingdom,Pontefract,20230703,16:25,'89 And Reunited' Memorial Handicap (Class 4),9,70-7216,6,Garden Oasis,GB,D Allan,T D Easterby,5,8,9.9,N,N,Y,Y,78,217,1m 6y,-,-,-,-,-,-,-,-,-,-,9,18.5,20,-,4,Y, Good To Firm,6.14,90,0,3,9,6,8,Y,Flat,Turf,79
United Kingdom,Southwell,20230703,16:45,Sky Sports Racing Sky 415 Mares' Handicap Hurdle (Class 5),-,23P1-31,1,Well Done Dani,GB,Henry Brooke,O Greenall & J Guerriero,18,6,11.8,N,Y,N,N,85,205,2m 4f 88y,-,-,-,-,-,-,-,-,-,-,12,8.6,9.8,-,5,N, Good,16,94,0,12,1,3,4,Y,Jump,Turf,70
United Kingdom,Southwell,20230703,16:45,Sky Sports Racing Sky 415 Mares' Handicap Hurdle (Class 5),-,7/P00-4,4,Double Or Quits,GB,Adam Wedge,Alexandra Dunn,47,6,10.2,N,N,N,N,60,87,2m 4f 88y,-,-,-,-,-,-,-,-,-,-,12,27,29,-,5,N, Good,19.6,86,0,0,2,7,10,Y,Jump,Turf,43
United Kingdom,Southwell,20230703,16:45,Sky Sports Racing Sky 415 Mares' Handicap Hurdle (Class 5),-,RPP-432,2,Camilla's Choice,IRE,S Bowen,G Hanmer,23,7,11.11,N,N,N,N,88,217,2m 4f 88y,-,-,-,-,-,-,-,-,-,-,12,6.8,7.2,-,5,N, Good,20.8075,93,-1,10,3,2,2,Y,Jump,Turf,70
United Kingdom,Southwell,20230703,16:45,Sky Sports Racing Sky 415 Mares' Handicap Hurdle (Class 5),-,312-223,3,Emily Wade,IRE,Tom Midgley,S England,17,6,12,N,N,N,Y,91,248,2m 4f 88y,-,-,-,-,-,-,-,-,-,-,12,8.2,8.8,-,5,N, Good,23.7475,96,-1,19,4,1,3,Y,Jump,Turf,81
United Kingdom,Southwell,20230703,16:45,Sky Sports Racing Sky 415 Mares' Handicap Hurdle (Class 5),-,P8435-6,6,Lady Pacifico,GB,James Davies,D Weston,63,5,11.9,N,N,N,N,86,86,2m 4f 88y,-,-,-,-,-,-,-,-,-,-,12,14,15,-,5,N, Good,24.65,95,-1,18,5,8,7,Y,Jump,Turf,77
United Kingdom,Southwell,20230703,16:45,Sky Sports Racing Sky 415 Mares' Handicap Hurdle (Class 5),-,733-P04,4,Game Beaaa,IRE,Craig Nichol,D Bourke,24,6,11.6,N,N,N,N,83,124,2m 4f 88y,-,-,-,-,-,-,-,-,-,-,12,9.4,9.8,-,5,N, Good,27.025,97,0,4,6,6,5,Y,Jump,Turf,44
United Kingdom,Southwell,20230703,16:45,Sky Sports Racing Sky 415 Mares' Handicap Hurdle (Class 5),-,8/607-5,5,Celestial Park,IRE,Jack Quinlan,B I Case,24,5,10.9,N,N,N,N,72,72,2m 4f 88y,-,-,-,-,-,-,-,-,-,-,12,13.5,14,-,5,N, Good,27.6875,90,0,7,7,10,6,Y,Jump,Turf,65
United Kingdom,Southwell,20230703,16:45,Sky Sports Racing Sky 415 Mares' Handicap Hurdle (Class 5),-,54/26-P1,1,Pure Surf,IRE,C O'Farrell,I Jardine,3,7,11.8,N,N,N,N,78,147,2m 4f 88y,-,-,-,-,-,-,-,-,-,-,12,4.7,4.8,-,5,Y, Good,31.49,95,0,14,8,4,1,Y,Jump,Turf,27
United Kingdom,Southwell,20230703,16:45,Sky Sports Racing Sky 415 Mares' Handicap Hurdle (Class 5),-,000PP-7,7,Kimberley Eve,GB,James Best,Simon Earle,27,5,10.5,N,N,N,N,68,49,2m 4f 88y,-,-,-,-,-,-,-,-,-,-,12,15,16,-,5,N, Good,37.7125,80,0,3,9,11,9,Y,Jump,Turf,46
United Kingdom,Southwell,20230703,16:45,Sky Sports Racing Sky 415 Mares' Handicap Hurdle (Class 5),-,03663-4,4,Methodtothemagic,IRE,Finn Lambert,R T Phillips,16,8,11.9,N,N,N,N,86,140,2m 4f 88y,-,-,-,-,-,-,-,-,-,-,12,14.5,15,-,5,Y, Good,41.4075,94,0,4,10,5,8,Y,Jump,Turf,84
United Kingdom,Southwell,20230703,16:45,Sky Sports Racing Sky 415 Mares' Handicap Hurdle (Class 5),-,3/6P-30,0,Sinurita,IRE,R P McLernon,N P Mulholland,38,7,11.9,N,N,N,N,86,72,2m 4f 88y,-,-,-,-,-,-,-,-,-,-,12,60,140,-,5,N, Good,45.32,92,0,3,11,9,11,Y,Jump,Turf,41
United Kingdom,Southwell,20230703,16:45,Sky Sports Racing Sky 415 Mares' Handicap Hurdle (Class 5),-,36/7568-,-,Saddlers Quest,GB,Ben Jones,Mrs D A Hamer,88,9,10.7,N,N,N,N,70,44,2m 4f 88y,-,-,-,-,-,-,-,-,-,-,12,0,0,-,5,N, Good,9999,83,0,0,12,12,12,Y,Jump,Turf,70
South Africa,Clairefontaine,20230703,17:00,Leo. D'orsetti Handicap Chase,-,443-P9,9,Raffles Liaison,FR,Felix de Giles,P Quinton,60,5,11.4,N,Y,N,N,-,81,2m 3f 85y,-,-,-,-,-,-,-,-,-,-,14,0,0,-,-,N,-,9999,0,0,0,1,,,,,,
South Africa,Clairefontaine,20230703,17:00,Leo. D'orsetti Handicap Chase,-,F-7186,6,Alce,FR,T Chevillard,P Quinton,16,5,11.3,N,N,Y,N,-,113,2m 3f 85y,-,-,-,-,-,-,-,-,-,-,14,0,0,-,-,N,-,9999,0,0,0,2,,,,,,
South Africa,Clairefontaine,20230703,17:00,Leo. D'orsetti Handicap Chase,-,2115-P,P,Ideal De Sivola,FR,T Vabois,P J Fertillet,176,5,11.2,N,N,Y,N,-,201,2m 3f 85y,-,-,-,-,-,-,-,-,-,-,14,0,0,-,-,N,-,9999,0,0,0,3,,,,,,
South Africa,Clairefontaine,20230703,17:00,Leo. D'orsetti Handicap Chase,-,65/221,1,Calotin,FR,J Reveley,B and Beaunez,13,9,11.1,N,N,Y,Y,-,356,2m 3f 85y,-,-,-,-,-,-,-,-,-,-,14,0,0,-,-,Y,-,9999,0,0,0,4,,,,,,
South Africa,Clairefontaine,20230703,17:00,Leo. D'orsetti Handicap Chase,-,447-54,4,Hurrick Des Obeaux,FR,O Jouin,N Devilder,30,6,10.12,N,N,N,N,-,115,2m 3f 85y,-,-,-,-,-,-,-,-,-,-,14,0,0,-,-,N,-,9999,0,0,0,5,,,,,,
South Africa,Clairefontaine,20230703,17:00,Leo. D'orsetti Handicap Chase,-,75-471,1,Hextrawel Du Porto,FR,B Le Clerc,M Seror,6,6,10.1,N,N,Y,N,-,196,2m 3f 85y,-,-,-,-,-,-,-,-,-,-,14,0,0,-,-,Y,-,9999,0,0,0,6,,,,,,
South Africa,Clairefontaine,20230703,17:00,Leo. D'orsetti Handicap Chase,-,13-052,2,Vingtcoeurs,FR,A Renard,W Menuet,72,8,10.8,N,N,N,N,-,147,2m 3f 85y,-,-,-,-,-,-,-,-,-,-,14,0,0,-,-,N,-,9999,0,0,0,7,,,,,,
South Africa,Clairefontaine,20230703,17:00,Leo. D'orsetti Handicap Chase,-,/5-2P4,4,Hallegro,FR,A Zuliani,F Nicolle,16,6,10.7,N,N,N,N,-,182,2m 3f 85y,-,-,-,-,-,-,-,-,-,-,14,0,0,-,-,N,-,9999,0,0,0,8,,,,,,
South Africa,Clairefontaine,20230703,17:00,Leo. D'orsetti Handicap Chase,-,F/1912,2,Mandarin Basc,FR,G Richard,P Journiac,30,8,10.5,N,N,N,Y,-,292,2m 3f 85y,-,-,-,-,-,-,-,-,-,-,14,0,0,-,-,N,-,9999,0,0,0,9,,,,,,
South Africa,Clairefontaine,20230703,17:00,Leo. D'orsetti Handicap Chase,-,4-6195,5,Frimousse,FR,L Philipperon,F Foucher,51,8,10.4,N,N,Y,N,-,112,2m 3f 85y,-,-,-,-,-,-,-,-,-,-,14,0,0,-,-,N,-,9999,0,0,0,10,,,,,,
South Africa,Clairefontaine,20230703,17:00,Leo. D'orsetti Handicap Chase,-,-6343F,F,Notre Virenne,FR,L Zuliani,P Journiac,85,9,10.4,N,N,N,N,-,122,2m 3f 85y,-,-,-,-,-,-,-,-,-,-,14,0,0,-,-,N,-,9999,0,0,0,11,,,,,,
South Africa,Clairefontaine,20230703,17:00,Leo. D'orsetti Handicap Chase,-,209324,4,Futbolisto,FR,N Gauffenic,P & C Peltier,13,10,10.4,N,Y,Y,N,-,273,2m 3f 85y,-,-,-,-,-,-,-,-,-,-,14,0,0,-,-,Y,-,9999,0,0,0,12,,,,,,
South Africa,Clairefontaine,20230703,17:00,Leo. D'orsetti Handicap Chase,-,F/6580-4,4,Boston Emery,FR,B Lestrade,Mrs S Leech,25,8,10.4,N,N,Y,N,-,154,2m 3f 85y,-,-,-,-,-,-,-,-,-,-,14,0,0,-,-,Y,-,9999,0,0,0,13,,,,,,
South Africa,Clairefontaine,20230703,17:00,Leo. D'orsetti Handicap Chase,-,741-47,7,Link And Ball,FR,E Bureller,Mme M Gilet,37,7,9.12,N,N,N,N,-,79,2m 3f 85y,-,-,-,-,-,-,-,-,-,-,14,0,0,-,-,N,-,9999,0,0,0,14,,,,,,
United Kingdom,Pontefract,20230703,17:00,"Northern Commercials Service, Sales And Parts Handicap (Class 5)",3,364-263,3,Patontheback,IRE,Laura Coughlan,Gemma Tutty,6,5,10,N,N,Y,N,65,168,6f,-,-,-,-,-,-,-,-,-,-,16,7.4,7.6,-,5,Y, Good To Firm,2.1325,71,0,6,1,6,3,Y,Flat,Turf,59
United Kingdom,Pontefract,20230703,17:00,"Northern Commercials Service, Sales And Parts Handicap (Class 5)",16,425633,3,Gannon Glory,IRE,O J Orr,R A Fahey,33,4,10.3,N,Y,N,N,68,150,6f,-,-,-,-,-,-,-,-,-,-,16,12.5,13,-,5,N, Good To Firm,2.2325,74,-1,10,2,11,5,Y,Flat,Turf,52
United Kingdom,Pontefract,20230703,17:00,"Northern Commercials Service, Sales And Parts Handicap (Class 5)",8,430-652,2,Round The Island,GB,Phil Dennis,Simon Whitaker,11,10,9.4,N,N,Y,Y,55,266,6f,-,-,-,-,-,-,-,-,-,-,16,22,25,-,5,N, Good To Firm,2.415,73,1,4,3,2,9,Y,Flat,Turf,51
United Kingdom,Pontefract,20230703,17:00,"Northern Commercials Service, Sales And Parts Handicap (Class 5)",1,896-794,4,Corinthia Knight,IRE,L Morris,A Watson,21,8,10.2,N,Y,Y,Y,67,153,6f,-,-,-,-,-,-,-,-,-,-,16,5.5,5.8,-,5,Y, Good To Firm,2.465,77,0,5,4,8,1,Y,Flat,Turf,72
United Kingdom,Pontefract,20230703,17:00,"Northern Commercials Service, Sales And Parts Handicap (Class 5)",5,184-212,2,Fiscal Policy,IRE,R Kingscote,D & C Kubler,24,4,10,N,N,Y,N,65,285,6f,-,-,-,-,-,-,-,-,-,-,16,6,6.2,-,5,Y, Good To Firm,2.5425,72,1,5,5,1,2,Y,Flat,Turf,60
United Kingdom,Pontefract,20230703,17:00,"Northern Commercials Service, Sales And Parts Handicap (Class 5)",14,0-94085,5,Atlantic Heart,IRE,G Lee,P T Midgley,21,4,9.11,N,N,N,N,62,109,6f,-,-,-,-,-,-,-,-,-,-,16,44,50,-,5,N, Good To Firm,2.5775,73,0,7,6,14,13,Y,Flat,Turf,47
United Kingdom,Pontefract,20230703,17:00,"Northern Commercials Service, Sales And Parts Handicap (Class 5)",4,331203,3,Kath's Toyboy,GB,D Nolan,K Frost,24,5,10.1,N,N,Y,N,66,143,6f,-,-,-,-,-,-,-,-,-,-,16,18,21,-,5,N, Good To Firm,2.905,72,1,2,7,13,7,Y,Flat,Turf,56
United Kingdom,Pontefract,20230703,17:00,"Northern Commercials Service, Sales And Parts Handicap (Class 5)",11,597743,3,Mostallim,GB,Alistair Rawlinson,M Appleby,16,6,9.9,N,N,Y,N,60,201,6f,-,-,-,-,-,-,-,-,-,-,16,36,130,-,5,Y, Good To Firm,2.9625,68,0,4,8,5,12,Y,Flat,Turf,58
United Kingdom,Pontefract,20230703,17:00,"Northern Commercials Service, Sales And Parts Handicap (Class 5)",10,873132,2,South Dakota Sioux,IRE,D Tudhope,D O'Meara,7,3,9.11,N,N,Y,N,68,258,6f,-,-,-,-,-,-,-,-,-,-,16,19,20,-,5,Y, Good To Firm,3.025,72,0,2,9,3,8,Y,Flat,Turf,45
United Kingdom,Pontefract,20230703,17:00,"Northern Commercials Service, Sales And Parts Handicap (Class 5)",15,222296,6,Wreck It Ryley,IRE,Sam James,Grant Tuer,12,3,9.11,N,N,N,N,68,100,6f,-,-,-,-,-,-,-,-,-,-,16,34,40,-,5,N, Good To Firm,3.3225,70,-1,15,10,15,11,Y,Flat,Turf,37
United Kingdom,Pontefract,20230703,17:00,"Northern Commercials Service, Sales And Parts Handicap (Class 5)",7,2747-57,7,Atomise,GB,Connor Beasley,M Dods,24,4,9.12,N,N,Y,N,63,152,6f,-,-,-,-,-,-,-,-,-,-,16,12,12.5,-,5,N, Good To Firm,3.3675,75,1,3,11,9,4,Y,Flat,Turf,50
United Kingdom,Pontefract,20230703,17:00,"Northern Commercials Service, Sales And Parts Handicap (Class 5)",13,6-00668,8,Magical Effect,IRE,Jason Hart,Mrs R Carr,15,11,9.6,N,N,Y,Y,57,156,6f,-,-,-,-,-,-,-,-,-,-,16,24,27,-,5,N, Good To Firm,3.435,74,0,12,12,7,10,Y,Flat,Turf,55
United Kingdom,Pontefract,20230703,17:00,"Northern Commercials Service, Sales And Parts Handicap (Class 5)",6,3540-86,6,Vaunted,GB,Connor Planas,J G M O'Shea,15,4,10,N,Y,N,N,65,88,6f,-,-,-,-,-,-,-,-,-,-,16,0,0,-,5,N, Good To Firm,3.7375,70,0,4,13,16,16,Y,Flat,Turf,28
United Kingdom,Pontefract,20230703,17:00,"Northern Commercials Service, Sales And Parts Handicap (Class 5)",2,8634-81,1,Princess Savannah,GB,T Eaves,K A Ryan,24,3,9.7,N,N,Y,N,64,210,6f,-,-,-,-,-,-,-,-,-,-,16,44,60,-,5,Y, Good To Firm,4.27,68,0,6,14,4,14,Y,Flat,Turf,27
United Kingdom,Pontefract,20230703,17:00,"Northern Commercials Service, Sales And Parts Handicap (Class 5)",12,030-968,8,Impeller,GB,D Fentiman,T D Easterby,18,5,9.12,N,N,Y,N,63,152,6f,-,-,-,-,-,-,-,-,-,-,16,70,95,-,5,N, Good To Firm,5.3425,75,1,-3,15,10,15,Y,Flat,Turf,24
United Kingdom,Pontefract,20230703,17:00,"Northern Commercials Service, Sales And Parts Handicap (Class 5)",9,060-340,0,Late Arrival,IRE,S A Gray,M & D Easterby,28,6,10.2,N,N,Y,Y,67,149,6f,-,-,-,-,-,-,-,-,-,-,16,14.5,15.5,-,5,Y, Good To Firm,5.7,76,0,11,16,12,6,Y,Flat,Turf,61
United Kingdom,Windsor,20230703,17:10,Harpers Horsing Around 30th Anniversary Cup Handicap (Class 5),2,53-0076,6,Star Of Lady M,GB,Hector Crouch,D O'Meara,9,3,9.11,N,N,Y,N,77,154,5f 21y,-,-,-,-,-,-,-,-,-,-,9,8.2,8.6,-,5,N, Good To Firm,1.5875,86,-1,7,1,5,3,Y,Flat,Turf,51
United Kingdom,Windsor,20230703,17:10,Harpers Horsing Around 30th Anniversary Cup Handicap (Class 5),8,7-32163,3,Estate,GB,W Buick,A M Balding,10,3,9.1,N,N,Y,N,76,209,5f 21y,-,-,-,-,-,-,-,-,-,-,9,3.5,3.55,-,5,N, Good To Firm,1.66,84,-1,9,2,3,1,Y,Flat,Turf,79
United Kingdom,Windsor,20230703,17:10,Harpers Horsing Around 30th Anniversary Cup Handicap (Class 5),9,71-0821,1,Skallywag Bay,GB,P J Dobbs,R Hannon,14,3,9.9,N,N,Y,N,75,296,5f 21y,-,-,-,-,-,-,-,-,-,-,9,5.3,5.4,-,5,N, Good To Firm,2.07,87,0,-2,3,1,2,Y,Flat,Turf,71
United Kingdom,Windsor,20230703,17:10,Harpers Horsing Around 30th Anniversary Cup Handicap (Class 5),5,831-123,3,Unlimited Data,GB,Lewis Edmunds,W Muir & C Grassick,7,3,9,Y,N,Y,N,66,258,5f 21y,-,-,-,-,-,-,-,-,-,-,9,8.4,8.8,-,5,N, Good To Firm,2.8,86,0,-7,4,2,4,Y,Flat,Turf,61
United Kingdom,Windsor,20230703,17:10,Harpers Horsing Around 30th Anniversary Cup Handicap (Class 5),4,7124-93,3,Secret Mistral,GB,Jason Watson,A W Carroll,18,3,9.4,N,N,N,N,70,122,5f 21y,-,-,-,-,-,-,-,-,-,-,9,10,10.5,-,5,N, Good To Firm,3.6325,83,0,-2,5,6,6,Y,Flat,Turf,51
United Kingdom,Windsor,20230703,17:10,Harpers Horsing Around 30th Anniversary Cup Handicap (Class 5),7,5860-58,8,Lucy Lightfoot,IRE,A J Farragher,B R Johnson,150,3,8.5,N,N,Y,N,57,104,5f 21y,-,-,-,-,-,-,-,-,-,-,9,0,0,-,5,N, Good To Firm,3.6375,85,1,-13,6,7,9,Y,Flat,Turf,28
United Kingdom,Windsor,20230703,17:10,Harpers Horsing Around 30th Anniversary Cup Handicap (Class 5),1,0-21429,9,Nogo's Dream,GB,George Rooke,R Hughes,34,3,9.1,Y,N,Y,N,76,195,5f 21y,-,-,-,-,-,-,-,-,-,-,9,8.6,9,-,5,N, Good To Firm,6.045,83,0,-1,7,4,5,Y,Flat,Turf,51
United Kingdom,Windsor,20230703,17:10,Harpers Horsing Around 30th Anniversary Cup Handicap (Class 5),3,232278,8,Erosion Risk,IRE,Saffie Osborne,P D Evans,68,3,9.2,N,N,N,N,68,46,5f 21y,-,-,-,-,-,-,-,-,-,-,9,16,16.5,-,5,N, Good To Firm,6.9375,85,0,-2,8,9,7,Y,Flat,Turf,29
United Kingdom,Windsor,20230703,17:10,Harpers Horsing Around 30th Anniversary Cup Handicap (Class 5),6,28209-6,6,Agostino,GB,Hayley Turner,R M H Cowell,51,3,9,N,N,N,N,66,73,5f 21y,-,-,-,-,-,-,-,-,-,-,9,40,65,-,5,N, Good To Firm,11.6575,85,0,-8,9,8,8,Y,Flat,Turf,48
United Kingdom,Southwell,20230703,17:20,Southwell Racecourse Supporting Racing Staff Week Handicap Hurdle (Div 1) (Class 5),-,846-F63,3,Just Call Me Al,IRE,B S Hughes,G Boanas,10,10,10.5,N,N,N,N,82,121,3m 60y,-,-,-,-,-,-,-,-,-,-,9,9.8,10.5,-,5,Y, Good,14.125,109,0,-1,1,9,3,Y,Jump,Turf,91
United Kingdom,Southwell,20230703,17:20,Southwell Racecourse Supporting Racing Staff Week Handicap Hurdle (Div 1) (Class 5),-,31-141P,P,Classic Concorde,IRE,C Brace,D Brace,12,10,11.3,N,N,Y,N,94,260,3m 60y,-,-,-,-,-,-,-,-,-,-,9,0,0,-,5,N, Good,20.15,107,0,-10,2,2,9,Y,Jump,Turf,70
United Kingdom,Southwell,20230703,17:20,Southwell Racecourse Supporting Racing Staff Week Handicap Hurdle (Div 1) (Class 5),-,091-421,1,Whataboutyeh,IRE,Jonathan England,S England,3,6,10.3,N,N,Y,Y,80,289,3m 60y,-,-,-,-,-,-,-,-,-,-,9,1.88,1.89,-,5,Y, Good,23.515,115,0,-7,3,1,1,Y,Jump,Turf,-
United Kingdom,Southwell,20230703,17:20,Southwell Racecourse Supporting Racing Staff Week Handicap Hurdle (Div 1) (Class 5),-,657-243,3,Bright Sunbird,IRE,Tabitha Worsley,G Hanmer,16,8,11.6,N,N,N,N,97,177,3m 60y,-,-,-,-,-,-,-,-,-,-,9,14.5,15.5,-,5,Y, Good,27.9675,111,-1,5,4,5,6,Y,Jump,Turf,101
United Kingdom,Southwell,20230703,17:20,Southwell Racecourse Supporting Racing Staff Week Handicap Hurdle (Div 1) (Class 5),-,2P6-552,2,Betty's Belle,GB,Ben Jones,B Pauling,16,6,10.9,N,N,N,N,86,174,3m 60y,-,-,-,-,-,-,-,-,-,-,9,8.6,8.8,-,5,N, Good,32.1175,108,0,-4,5,6,2,Y,Jump,Turf,91
United Kingdom,Southwell,20230703,17:20,Southwell Racecourse Supporting Racing Staff Week Handicap Hurdle (Div 1) (Class 5),-,7662-41,1,Blue Sans,IRE,Mr Tom Broughton,F O'Brien,21,8,11.8,N,N,Y,Y,99,239,3m 60y,-,-,-,-,-,-,-,-,-,-,9,12.5,13.5,-,5,Y, Good,34.415,109,0,9,6,4,4,Y,Jump,Turf,60
United Kingdom,Southwell,20230703,17:20,Southwell Racecourse Supporting Racing Staff Week Handicap Hurdle (Div 1) (Class 5),-,8352-13,3,Tommydan,IRE,Sean Quinlan,J Candlish,19,8,12,Y,N,N,Y,105,245,3m 60y,-,-,-,-,-,-,-,-,-,-,9,14,16.5,-,5,Y, Good,34.81,106,0,4,7,3,5,Y,Jump,Turf,72
United Kingdom,Southwell,20230703,17:20,Southwell Racecourse Supporting Racing Staff Week Handicap Hurdle (Div 1) (Class 5),-,PFP-7V4,4,Robeam,IRE,R T Dunne,M Mullineaux,21,7,10.2,N,N,N,Y,77,153,3m 60y,-,-,-,-,-,-,-,-,-,-,9,28,30,-,5,N, Good,39.7775,111,0,1,8,7,7,Y,Jump,Turf,54
United Kingdom,Southwell,20230703,17:20,Southwell Racecourse Supporting Racing Staff Week Handicap Hurdle (Div 1) (Class 5),-,4PP/P6P-,-,Sommervieu,FR,Phillip Armson,N Kent,84,9,10.12,N,N,Y,N,89,141,3m 60y,-,-,-,-,-,-,-,-,-,-,9,38,200,-,5,N, Good,9999,0,0,-12,9,8,8,Y,Jump,Turf,-
South Africa,Clairefontaine,20230703,17:35,Pennedepie Hurdle,-,1542-3,3,Super Flam,FR,T Dumouch,L Cadot,182,7,11.2,N,N,Y,N,-,251,2m 1f 196y,-,-,-,-,-,-,-,-,-,-,8,0,0,-,-,N,-,9999,0,0,0,1,,,,,,
South Africa,Clairefontaine,20230703,17:35,Pennedepie Hurdle,-,44-642,2,Happy De Reve,FR,C Riou,Bert Lefevre,23,6,10.12,N,N,Y,N,-,242,2m 1f 196y,-,-,-,-,-,-,-,-,-,-,8,0,0,-,-,Y,-,9999,0,0,0,2,,,,,,
South Africa,Clairefontaine,20230703,17:35,Pennedepie Hurdle,-,68158-,-,Shenko Magic,FR,B Lestrade,C&G & Taupin,279,11,10.12,N,N,N,Y,-,106,2m 1f 196y,-,-,-,-,-,-,-,-,-,-,8,0,0,-,-,N,-,9999,0,0,0,3,,,,,,
South Africa,Clairefontaine,20230703,17:35,Pennedepie Hurdle,-,8-4494,4,Becquarainbow,FR,A Zuliani,F Nicolle,16,7,10.1,N,N,Y,N,157,146,2m 1f 196y,-,-,-,-,-,-,-,-,-,-,8,0,0,-,-,N,-,9999,0,0,0,4,,,,,,
South Africa,Clairefontaine,20230703,17:35,Pennedepie Hurdle,-,61P0F0-,-,Mcgroarty,IRE,G Meunier,Mrs S Leech,187,12,10.1,N,N,N,Y,115,70,2m 1f 196y,-,-,-,-,-,-,-,-,-,-,8,0,0,-,-,N,-,9999,0,0,0,5,,,,,,
South Africa,Clairefontaine,20230703,17:35,Pennedepie Hurdle,-,31F-57,7,Rosa Kleb,FR,Felix de Giles,D Windrif,92,5,10.7,N,N,Y,N,-,119,2m 1f 196y,-,-,-,-,-,-,-,-,-,-,8,0,0,-,-,N,-,9999,0,0,0,6,,,,,,
South Africa,Clairefontaine,20230703,17:35,Pennedepie Hurdle,-,638-PP,P,Romancia,FR,T Chevillard,Mlle S Delaroche,25,5,10.3,N,N,N,N,-,104,2m 1f 196y,-,-,-,-,-,-,-,-,-,-,8,0,0,-,-,N,-,9999,0,0,0,7,,,,,,
South Africa,Clairefontaine,20230703,17:35,Pennedepie Hurdle,-,95/7-,-,Faline Du Maine,FR,T Vabois,Mlle Mlle S Quere,496,5,10.3,N,N,N,N,-,72,2m 1f 196y,-,-,-,-,-,-,-,-,-,-,8,0,0,-,-,N,-,9999,0,0,0,8,,,,,,
United Kingdom,Windsor,20230703,17:45,British EBF Restricted Maiden Stakes (GBB Race) (Class 4),6,52,2,Johnny Johnson,GB,R Coakley,B R Millman,20,2,9.7,N,N,N,N,-,198,5f 21y,-,-,-,-,-,-,-,-,-,-,12,5.9,6,-,4,N, Good To Firm,2.2775,77,0,2,1,1,3,N,Flat,Turf,51
United Kingdom,Windsor,20230703,17:45,British EBF Restricted Maiden Stakes (GBB Race) (Class 4),3,2,2,Band Of Joy,GB,W Buick,G Boughey,14,2,9,N,N,N,N,-,168,5f 21y,-,-,-,-,-,-,-,-,-,-,12,5.5,5.7,-,4,N, Good To Firm,3.25,72,1,-2,2,2,2,N,Flat,Turf,58
United Kingdom,Windsor,20230703,17:45,British EBF Restricted Maiden Stakes (GBB Race) (Class 4),8,3,3,Acer,GB,Rossa Ryan,C G Cox,14,2,9,Y,N,N,N,-,128,5f 21y,-,-,-,-,-,-,-,-,-,-,12,8,8.6,-,4,N, Good To Firm,3.3125,71,1,-2,3,3,4,N,Flat,Turf,57
United Kingdom,Windsor,20230703,17:45,British EBF Restricted Maiden Stakes (GBB Race) (Class 4),9,5,5,Make It Easy,IRE,Tom Marquand,Jack Channon,23,2,9.2,N,N,N,N,-,92,5f 21y,-,-,-,-,-,-,-,-,-,-,12,9.2,9.4,-,4,N, Good To Firm,3.4175,69,1,0,4,6,5,N,Flat,Turf,45
United Kingdom,Windsor,20230703,17:45,British EBF Restricted Maiden Stakes (GBB Race) (Class 4),11,9,9,Zola Power,GB,George Rooke,R Hughes,14,2,9.7,N,N,N,N,-,73,5f 21y,-,-,-,-,-,-,-,-,-,-,12,24,25,-,4,N, Good To Firm,3.82,67,1,0,5,7,7,N,Flat,Turf,-
United Kingdom,Windsor,20230703,17:45,British EBF Restricted Maiden Stakes (GBB Race) (Class 4),7,79,9,Tea Leaf Ted,IRE,Callum Shepherd,D J S Ffrench Davis,38,2,9.5,N,N,N,N,-,46,5f 21y,-,-,-,-,-,-,-,-,-,-,12,250,940,-,4,N, Good To Firm,4.0025,48,1,1,6,12,12,N,Flat,Turf,27
United Kingdom,Windsor,20230703,17:45,British EBF Restricted Maiden Stakes (GBB Race) (Class 4),4,6,6,Black Jack Davey,GB,Gina Mangan,R Cook & J Bridger,21,2,9.5,N,N,N,N,-,94,5f 21y,-,-,-,-,-,-,-,-,-,-,12,130,180,-,4,N, Good To Firm,4.3225,63,1,3,7,5,10,N,Flat,Turf,39
United Kingdom,Windsor,20230703,17:45,British EBF Restricted Maiden Stakes (GBB Race) (Class 4),1,06,6,Alfred,FR,J F Egan,P W Chapple-Hyam,18,2,9.7,N,N,N,N,-,94,5f 21y,-,-,-,-,-,-,-,-,-,-,12,48,65,-,4,N, Good To Firm,5.475,61,1,0,8,4,9,N,Flat,Turf,35
United Kingdom,Windsor,20230703,17:45,British EBF Restricted Maiden Stakes (GBB Race) (Class 4),2,9,9,Raft Up,IRE,George Wood,Harry Eustace,27,2,9.7,N,N,N,N,-,56,5f 21y,-,-,-,-,-,-,-,-,-,-,12,13.5,14.5,-,4,N, Good To Firm,6.7475,60,1,0,9,8,6,N,Flat,Turf,31
United Kingdom,Windsor,20230703,17:45,British EBF Restricted Maiden Stakes (GBB Race) (Class 4),12,-,-,Hint Of The Jungle,IRE,Daniel Muscutt,E A L Dunlop,-,2,9.7,N,N,N,N,-,46,5f 21y,-,-,-,-,-,-,-,-,-,-,12,38,44,-,4,N, Good To Firm,9999,0,0,0,10,9,8,N,Flat,Turf,-
United Kingdom,Windsor,20230703,17:45,British EBF Restricted Maiden Stakes (GBB Race) (Class 4),5,-,-,Silver Trumpet,GB,Charles Bishop,Eve Johnson Houghton,-,2,9.7,N,N,N,N,-,46,5f 21y,-,-,-,-,-,-,-,-,-,-,12,3.85,3.9,-,4,N, Good To Firm,9999,0,0,0,11,10,1,N,Flat,Turf,-
United Kingdom,Windsor,20230703,17:45,British EBF Restricted Maiden Stakes (GBB Race) (Class 4),10,-,-,Waqif,IRE,Jason Watson,A W Carroll,-,2,9.7,N,N,N,N,-,46,5f 21y,-,-,-,-,-,-,-,-,-,-,12,160,590,-,4,N, Good To Firm,9999,0,0,0,12,11,11,N,Flat,Turf,-
United Kingdom,Southwell,20230703,17:55,Southwell Racecourse Supporting Racing Staff Week Handicap Hurdle (Div 2) (Class 5),-,640-222,2,Coconut Twist,IRE,Harry Reed,B Barr,17,5,10.9,N,N,N,N,83,232,3m 60y,-,-,-,-,-,-,-,-,-,-,9,4.4,4.5,-,5,Y, Good,8.9625,100,0,0,1,2,2,Y,Jump,Turf,86
United Kingdom,Southwell,20230703,17:55,Southwell Racecourse Supporting Racing Staff Week Handicap Hurdle (Div 2) (Class 5),-,P5P-64P,P,Sight Nor Seen,IRE,Aaron Anderson,M E Sowersby,10,9,10.2,N,N,N,N,74,117,3m 60y,-,-,-,-,-,-,-,-,-,-,9,50,70,-,5,N, Good,12.5,102,0,4,2,7,8,Y,Jump,Turf,82
United Kingdom,Southwell,20230703,17:55,Southwell Racecourse Supporting Racing Staff Week Handicap Hurdle (Div 2) (Class 5),-,8034-69,9,Female Approach,IRE,Craig Nichol,D Bourke,30,5,11.6,N,N,N,N,94,87,3m 60y,-,-,-,-,-,-,-,-,-,-,9,38,48,-,5,N, Good,20.0375,98,0,0,3,8,7,Y,Jump,Turf,84
United Kingdom,Southwell,20230703,17:55,Southwell Racecourse Supporting Racing Staff Week Handicap Hurdle (Div 2) (Class 5),-,4/4870-P,P,Student Chap,IRE,Jack Hogan,F O'Brien,47,7,11.4,N,N,N,N,92,54,3m 60y,-,-,-,-,-,-,-,-,-,-,9,18.5,21,-,5,N, Good,22.95,102,0,-2,4,9,6,Y,Jump,Turf,84
United Kingdom,Southwell,20230703,17:55,Southwell Racecourse Supporting Racing Staff Week Handicap Hurdle (Div 2) (Class 5),-,21FF-54,4,Maroochi,GB,Thomas Bellamy,K Burke,17,6,11,N,N,N,N,88,166,3m 60y,-,-,-,-,-,-,-,-,-,-,9,10.5,12,-,5,N, Good,23.7975,103,-1,11,5,5,5,Y,Jump,Turf,53
United Kingdom,Southwell,20230703,17:55,Southwell Racecourse Supporting Racing Staff Week Handicap Hurdle (Div 2) (Class 5),-,0/5133-1,1,Secret Trix,GB,S Bowen,O Murphy,40,6,12,N,N,N,Y,102,234,3m 60y,-,-,-,-,-,-,-,-,-,-,9,3.25,3.3,-,5,Y, Good,25.125,104,0,1,6,1,1,Y,Jump,Turf,75
United Kingdom,Southwell,20230703,17:55,Southwell Racecourse Supporting Racing Staff Week Handicap Hurdle (Div 2) (Class 5),-,12P3-73,3,Lelantos,IRE,D A Jacob,N J Henderson,30,7,11.13,N,N,N,Y,101,163,3m 60y,-,-,-,-,-,-,-,-,-,-,9,8,8.8,-,5,N, Good,28.34,102,-1,8,7,6,4,Y,Jump,Turf,59
United Kingdom,Southwell,20230703,17:55,Southwell Racecourse Supporting Racing Staff Week Handicap Hurdle (Div 2) (Class 5),-,35/230-2,2,Racing Spirit,GB,Lee Edwards,Dave Roberts,27,11,10.4,N,N,N,Y,78,178,3m 60y,-,-,-,-,-,-,-,-,-,-,9,0,0,-,5,N, Good,32.4875,104,0,-1,8,4,9,Y,Jump,Turf,72
United Kingdom,Southwell,20230703,17:55,Southwell Racecourse Supporting Racing Staff Week Handicap Hurdle (Div 2) (Class 5),-,53/72-32,2,The Longest Day,IRE,Miss Roisin Leech,Mrs S Leech,21,7,10.7,N,N,N,N,81,199,3m 60y,-,-,-,-,-,-,-,-,-,-,9,6.2,6.4,-,5,Y, Good,34.6275,104,0,5,9,3,3,Y,Jump,Turf,63
South Africa,Clairefontaine,20230703,18:10,Des Oeillets Hurdle,-,-80112,2,With The Stars,FR,A Pageot,Joel Boisnard,10,3,11.2,N,N,Y,N,-,303,2m 198y,-,-,-,-,-,-,-,-,-,-,6,0,0,-,-,Y,-,9999,0,0,0,1,,,,,,
South Africa,Clairefontaine,20230703,18:10,Des Oeillets Hurdle,-,523261,1,Garibaldi,FR,G Siaffa,Joel Boisnard,13,3,10.12,N,Y,N,N,-,171,2m 198y,-,-,-,-,-,-,-,-,-,-,6,0,0,-,-,N,-,9999,0,0,0,2,,,,,,
South Africa,Clairefontaine,20230703,18:10,Des Oeillets Hurdle,-,P1,1,I Walk The Line,FR,K Deniel,F Nicolle,110,3,10.1,N,N,N,N,-,114,2m 198y,-,-,-,-,-,-,-,-,-,-,6,0,0,-,-,N,-,9999,0,0,0,3,,,,,,
South Africa,Clairefontaine,20230703,18:10,Des Oeillets Hurdle,-,1,1,Allied Powers,FR,J Reveley,D Satalia,60,3,10.1,N,N,N,N,-,114,2m 198y,-,-,-,-,-,-,-,-,-,-,6,0,0,-,-,N,-,9999,0,0,0,4,,,,,,
South Africa,Clairefontaine,20230703,18:10,Des Oeillets Hurdle,-,45,5,Noix Bleue,-,G Richard,F Nicolle,88,3,10.7,N,N,N,N,-,100,2m 198y,-,-,-,-,-,-,-,-,-,-,6,0,0,-,-,N,-,9999,0,0,0,5,,,,,,
South Africa,Clairefontaine,20230703,18:10,Des Oeillets Hurdle,-,033,3,Jarry Lord,FR,B Lestrade,Mme D Mele,49,3,10.7,N,N,N,N,-,124,2m 198y,-,-,-,-,-,-,-,-,-,-,6,0,0,-,-,N,-,9999,0,0,0,6,,,,,,
United Kingdom,Windsor,20230703,18:15,Download Fitzdares For Free Race Streaming Maiden Stakes (GBB Race) (Class 5),9,2-5,5,Value Added,GB,W Buick,R Hughes,18,3,9.1,N,N,N,N,-,198,1m 2f,-,-,-,-,-,-,-,-,-,-,12,6,6.4,-,5,N, Good To Firm,2.5,86,-3,-1,1,2,2,N,Flat,Turf,55
United Kingdom,Windsor,20230703,18:15,Download Fitzdares For Free Race Streaming Maiden Stakes (GBB Race) (Class 5),7,3-2,2,Cherry,GB,Rossa Ryan,R M Beckett,25,3,9.1,N,N,N,N,-,206,1m 2f,-,-,-,-,-,-,-,-,-,-,12,1.51,1.53,-,5,N, Good To Firm,2.6025,91,-3,0,2,1,1,N,Flat,Turf,57
United Kingdom,Windsor,20230703,18:15,Download Fitzdares For Free Race Streaming Maiden Stakes (GBB Race) (Class 5),11,08,8,Showy,GB,Hector Crouch,J G Portman,18,3,9.1,N,N,N,N,-,67,1m 2f,-,-,-,-,-,-,-,-,-,-,12,200,400,-,5,N, Good To Firm,4.125,59,-3,-1,3,9,9,N,Flat,Turf,35
United Kingdom,Windsor,20230703,18:15,Download Fitzdares For Free Race Streaming Maiden Stakes (GBB Race) (Class 5),3,68,8,Star For A Day,IRE,A J Farragher,S Hodgson,7,4,9.11,N,N,N,N,-,87,1m 2f,-,-,-,-,-,-,-,-,-,-,12,350,940,-,5,N, Good To Firm,5.125,52,0,5,4,7,12,N,Flat,Turf,39
United Kingdom,Windsor,20230703,18:15,Download Fitzdares For Free Race Streaming Maiden Stakes (GBB Race) (Class 5),1,06,6,The Craftymaster,GB,George Rooke,R A Teal,21,3,9.6,N,N,N,N,-,94,1m 2f,-,-,-,-,-,-,-,-,-,-,12,310,940,-,5,N, Good To Firm,5.2725,47,0,4,5,5,11,N,Flat,Turf,30
United Kingdom,Windsor,20230703,18:15,Download Fitzdares For Free Race Streaming Maiden Stakes (GBB Race) (Class 5),8,05,5,Reflex,IRE,Callum Shepherd,C Fellowes,23,3,9.6,N,N,N,N,-,92,1m 2f,-,-,-,-,-,-,-,-,-,-,12,260,830,-,5,N, Good To Firm,6.3325,57,0,-1,6,6,10,N,Flat,Turf,35
United Kingdom,Windsor,20230703,18:15,Download Fitzdares For Free Race Streaming Maiden Stakes (GBB Race) (Class 5),10,8-,-,Port Erin,IRE,J Mitchell,S & E Crisford,261,3,9.6,N,N,N,N,-,46,1m 2f,-,-,-,-,-,-,-,-,-,-,12,27,34,-,5,N, Good To Firm,6.725,52,0,2,7,11,4,N,Flat,Turf,-
United Kingdom,Windsor,20230703,18:15,Download Fitzdares For Free Race Streaming Maiden Stakes (GBB Race) (Class 5),12,5-4,4,Decoration,IRE,David Egan,R Varian,15,3,9.1,N,N,N,N,-,153,1m 2f,-,-,-,-,-,-,-,-,-,-,12,8.8,9.2,-,5,N, Good To Firm,6.8975,82,0,-1,8,3,3,N,Flat,Turf,10
United Kingdom,Windsor,20230703,18:15,Download Fitzdares For Free Race Streaming Maiden Stakes (GBB Race) (Class 5),2,0-8,8,Movie Star Looks,GB,K Shoemark,C G Cox,18,3,9.1,N,N,N,N,-,67,1m 2f,-,-,-,-,-,-,-,-,-,-,12,85,130,-,5,N, Good To Firm,7.0175,71,0,1,9,8,7,N,Flat,Turf,15
United Kingdom,Windsor,20230703,18:15,Download Fitzdares For Free Race Streaming Maiden Stakes (GBB Race) (Class 5),4,3,3,Anna Aurelia,GB,Rob Hornby,J G Portman,14,3,9.1,N,N,N,N,-,128,1m 2f,-,-,-,-,-,-,-,-,-,-,12,46,70,-,5,N, Good To Firm,9.645,66,0,2,10,4,5,N,Flat,Turf,-
United Kingdom,Windsor,20230703,18:15,Download Fitzdares For Free Race Streaming Maiden Stakes (GBB Race) (Class 5),5,293460/,/,Byzantine Empire,GB,Saffie Osborne,F O'Brien,255,6,10.2,N,N,N,N,74,48,1m 2f,-,-,-,-,-,-,-,-,-,-,12,120,180,-,5,N, Good To Firm,15.9125,79,-3,-22,11,10,8,N,Flat,Turf,-
United Kingdom,Windsor,20230703,18:15,Download Fitzdares For Free Race Streaming Maiden Stakes (GBB Race) (Class 5),6,-,-,Debby's Delight,GB,Rhys Clutterbuck,E A L Dunlop,-,3,9.1,N,N,N,N,-,46,1m 2f,-,-,-,-,-,-,-,-,-,-,12,60,85,-,5,N, Good To Firm,9999,0,0,0,12,12,6,N,Flat,Turf,-
United Kingdom,Musselburgh,20230703,18:30,British Stallion Studs EBF Restricted Maiden Stakes (GBB Race) (Class 5),6,66,6,Swift Salian,IRE,Callum Rodriguez,T D Barron,9,2,9.7,N,N,N,N,-,127,7f 33y,-,-,-,-,-,-,-,-,-,-,7,10,11,-,5,N, Good,3.23,72,-1,3,1,2,4,N,Flat,Turf,55
United Kingdom,Musselburgh,20230703,18:30,British Stallion Studs EBF Restricted Maiden Stakes (GBB Race) (Class 5),5,6,6,Lexington Belle,IRE,K T O'Neill,Alice Haynes,14,2,9,N,N,N,N,-,100,7f 33y,-,-,-,-,-,-,-,-,-,-,7,5.9,6,-,5,N, Good,3.32,72,0,0,2,3,2,N,Flat,Turf,-
United Kingdom,Musselburgh,20230703,18:30,British Stallion Studs EBF Restricted Maiden Stakes (GBB Race) (Class 5),1,342,2,Charged Up,GB,Cam Hardie,Ollie Pears,32,2,9.7,N,N,N,N,75,191,7f 33y,-,-,-,-,-,-,-,-,-,-,7,2.12,2.14,-,5,N, Good,4.22,83,-1,3,3,1,1,N,Flat,Turf,75
United Kingdom,Musselburgh,20230703,18:30,British Stallion Studs EBF Restricted Maiden Stakes (GBB Race) (Class 5),7,7,7,Due Consideration,GB,Barry McHugh,Adrian Nicholls,11,2,9.7,N,N,N,N,-,73,7f 33y,-,-,-,-,-,-,-,-,-,-,7,22,24,-,5,N, Good,4.6825,50,0,3,4,4,5,N,Flat,Turf,35
United Kingdom,Musselburgh,20230703,18:30,British Stallion Studs EBF Restricted Maiden Stakes (GBB Race) (Class 5),3,7,7,Loubiere,IRE,P Mathers,R Menzies,12,2,9.2,N,N,N,N,-,73,7f 33y,-,-,-,-,-,-,-,-,-,-,7,22,28,-,5,N, Good,5,62,-1,1,5,5,6,N,Flat,Turf,21
United Kingdom,Musselburgh,20230703,18:30,British Stallion Studs EBF Restricted Maiden Stakes (GBB Race) (Class 5),2,-,-,Alpen Power,GB,J Fanning,Charlie Johnston,-,2,9.7,N,N,N,N,-,46,7f 33y,-,-,-,-,-,-,-,-,-,-,7,6.2,6.8,-,5,N, Good,9999,0,0,0,6,6,3,N,Flat,Turf,-
United Kingdom,Musselburgh,20230703,18:30,British Stallion Studs EBF Restricted Maiden Stakes (GBB Race) (Class 5),4,-,-,Buttercross Flyer,IRE,William Pyle,Craig Lidster,-,2,9,N,N,N,N,-,46,7f 33y,-,-,-,-,-,-,-,-,-,-,7,27,29,-,5,N, Good,9999,0,0,0,7,7,7,N,Flat,Turf,-
South Africa,Clairefontaine,20230703,18:40,Rideo Handicap Chase,-,14/F7F,F,Grafity Baie,FR,T Vabois,P J Fertillet,72,7,11.4,N,N,N,N,-,79,2m 3f 85y,-,-,-,-,-,-,-,-,-,-,8,0,0,-,-,N,-,9999,0,0,0,1,,,,,,
South Africa,Clairefontaine,20230703,18:40,Rideo Handicap Chase,-,1P4413,3,Great Mix,FR,T Beaurain,A Fouassier,106,7,11.3,N,N,N,N,-,184,2m 3f 85y,-,-,-,-,-,-,-,-,-,-,8,0,0,-,-,Y,-,9999,0,0,0,2,,,,,,
South Africa,Clairefontaine,20230703,18:40,Rideo Handicap Chase,-,4FF441,1,Hibiza De Niel,FR,G Richard,Mlle S Delaroche,149,6,11.2,N,N,N,N,-,166,2m 3f 85y,-,-,-,-,-,-,-,-,-,-,8,0,0,-,-,N,-,9999,0,0,0,3,,,,,,
South Africa,Clairefontaine,20230703,18:40,Rideo Handicap Chase,-,0-P544,4,Spes Energicall,FR,N Howie,M Seror,75,6,11.1,N,N,Y,N,-,208,2m 3f 85y,-,-,-,-,-,-,-,-,-,-,8,0,0,-,-,N,-,9999,0,0,0,4,,,,,,
South Africa,Clairefontaine,20230703,18:40,Rideo Handicap Chase,-,8P55D5,5,Hamersley,FR,D Gallon,C Bonin,30,6,11.1,N,N,N,N,-,120,2m 3f 85y,-,-,-,-,-,-,-,-,-,-,8,0,0,-,-,N,-,9999,0,0,0,5,,,,,,
South Africa,Clairefontaine,20230703,18:40,Rideo Handicap Chase,-,F-4P3P,P,Heaven Du Seuil,FR,D Carre,C H Plisson,23,6,10.12,N,N,N,N,-,162,2m 3f 85y,-,-,-,-,-,-,-,-,-,-,8,0,0,-,-,N,-,9999,0,0,0,6,,,,,,
South Africa,Clairefontaine,20230703,18:40,Rideo Handicap Chase,-,-4P343,3,Fan Of Sea,FR,J Reveley,E&G Leenders,505,8,10.11,N,N,N,N,-,134,2m 3f 85y,-,-,-,-,-,-,-,-,-,-,8,0,0,-,-,N,-,9999,0,0,0,7,,,,,,
South Africa,Clairefontaine,20230703,18:40,Rideo Handicap Chase,-,42-836,6,Soldier's Queen,FR,A Seigneul,D Grandin,13,10,10.1,N,N,Y,N,-,202,2m 3f 85y,-,-,-,-,-,-,-,-,-,-,8,0,0,-,-,N,-,9999,0,0,0,8,,,,,,
United Kingdom,Windsor,20230703,18:45,Fitzdares Sprint Series Handicap (Class 2),9,00-2316,6,Mister Bluebird,GB,Jason Watson,H Main,18,5,9.5,Y,Y,Y,N,86,266,6f 12y,-,-,-,-,-,-,-,-,-,-,9,0,0,-,2,N, Good To Firm,1.1775,99,1,4,1,2,9,Y,Flat,Turf,87
United Kingdom,Windsor,20230703,18:45,Fitzdares Sprint Series Handicap (Class 2),4,045-388,8,Dig Two,IRE,Laura Pearson,Ollie Sangster,44,4,9.5,N,N,Y,N,86,106,6f 12y,-,-,-,-,-,-,-,-,-,-,9,12,13,-,2,N, Good To Firm,1.46,102,1,-2,2,9,7,Y,Flat,Turf,81
United Kingdom,Windsor,20230703,18:45,Fitzdares Sprint Series Handicap (Class 2),7,271-718,8,Dora Penny,GB,Saffie Osborne,P D Evans,17,4,9.8,N,N,Y,Y,89,215,6f 12y,-,-,-,-,-,-,-,-,-,-,9,27,28,-,2,N, Good To Firm,1.5925,100,0,-2,3,3,8,Y,Flat,Turf,69
United Kingdom,Windsor,20230703,18:45,Fitzdares Sprint Series Handicap (Class 2),1,63-4900,0,Silver Samurai,GB,Tom Marquand,M Botti,23,6,9.12,N,N,Y,N,93,111,6f 12y,-,-,-,-,-,-,-,-,-,-,9,9,9.4,-,2,N, Good To Firm,1.6275,103,1,3,4,8,4,Y,Flat,Turf,71
United Kingdom,Windsor,20230703,18:45,Fitzdares Sprint Series Handicap (Class 2),5,011-461,1,Sterling Knight,GB,Rhys Clutterbuck,E A L Dunlop,14,4,9.12,N,N,Y,Y,93,274,6f 12y,-,-,-,-,-,-,-,-,-,-,9,5.4,5.5,-,2,N, Good To Firm,1.775,104,1,3,5,1,2,Y,Flat,Turf,72
United Kingdom,Windsor,20230703,18:45,Fitzdares Sprint Series Handicap (Class 2),8,45-1117,7,Expert Agent,GB,J Mitchell,K P De Foy,44,3,8.13,N,N,Y,N,86,168,6f 12y,-,-,-,-,-,-,-,-,-,-,9,6.8,7,-,2,N, Good To Firm,3.1,103,0,1,6,6,3,Y,Flat,Turf,73
United Kingdom,Windsor,20230703,18:45,Fitzdares Sprint Series Handicap (Class 2),3,7110-65,5,Lethal Nymph,GB,Rossa Ryan,C G Cox,18,4,9.12,N,N,Y,N,93,190,6f 12y,-,-,-,-,-,-,-,-,-,-,9,9.2,9.8,-,2,N, Good To Firm,3.165,104,1,3,7,4,5,Y,Flat,Turf,56
United Kingdom,Windsor,20230703,18:45,Fitzdares Sprint Series Handicap (Class 2),6,9310-20,0,Tanmawwy,IRE,W Buick,C Hills,58,5,10.2,Y,N,Y,Y,97,187,6f 12y,-,-,-,-,-,-,-,-,-,-,9,3.85,4,-,2,N, Good To Firm,6.595,105,0,14,8,5,1,Y,Flat,Turf,83
United Kingdom,Windsor,20230703,18:45,Fitzdares Sprint Series Handicap (Class 2),2,22213-0,0,Aphelios,GB,Cieren Fallon,M Appleby,75,4,9.8,N,N,Y,Y,89,149,6f 12y,-,-,-,-,-,-,-,-,-,-,9,11,11.5,-,2,N, Good To Firm,7.8225,102,0,8,9,7,6,Y,Flat,Turf,82
United Kingdom,Musselburgh,20230703,19:00,Join Racing TV Now Handicap (Class 6),3,7-36455,5,Rockin Rosa,GB,Cam Hardie,Mrs R Carr,10,3,9.7,N,N,N,N,53,145,1m 2y,-,-,-,-,-,-,-,-,-,-,6,8.8,9.4,-,6,N, Good,3.1725,64,0,2,1,3,5,Y,Flat,Turf,42
United Kingdom,Musselburgh,20230703,19:00,Join Racing TV Now Handicap (Class 6),4,004468,8,Cuban Rock,GB,P Mulrennan,J S Goldie,10,3,9.7,N,N,N,N,53,100,1m 2y,-,-,-,-,-,-,-,-,-,-,6,7.8,8.4,-,6,N, Good,3.7125,65,0,6,2,5,3,Y,Flat,Turf,44
United Kingdom,Musselburgh,20230703,19:00,Join Racing TV Now Handicap (Class 6),6,8-04464,4,Heart Of Sofia,IRE,Rowan Scott,N Tinkler,15,3,9,N,N,N,N,46,144,1m 2y,-,-,-,-,-,-,-,-,-,-,6,8.6,9,-,6,N, Good,3.9875,62,0,0,3,4,4,Y,Flat,Turf,53
United Kingdom,Musselburgh,20230703,19:00,Join Racing TV Now Handicap (Class 6),1,85917-2,2,Lincoln Rockstar,IRE,Mark Winn,D O'Meara,6,3,9.1,N,N,Y,N,56,203,1m 2y,-,-,-,-,-,-,-,-,-,-,6,2.8,2.92,-,6,Y, Good,6.365,64,0,0,4,1,1,Y,Flat,Turf,59
United Kingdom,Musselburgh,20230703,19:00,Join Racing TV Now Handicap (Class 6),2,898,8,Ladylingmoor,GB,D Swift,J J Quinn,31,3,9.6,N,N,N,N,52,46,1m 2y,-,-,-,-,-,-,-,-,-,-,6,25,34,-,6,N, Good,6.7425,57,-1,4,5,6,6,Y,Flat,Turf,36
United Kingdom,Musselburgh,20230703,19:00,Join Racing TV Now Handicap (Class 6),5,5570-51,1,Star Start,IRE,Billy Loughnane,R Menzies,32,3,9.11,N,N,N,N,57,182,1m 2y,-,-,-,-,-,-,-,-,-,-,6,3.45,3.55,-,6,Y, Good,7.335,68,0,7,6,2,2,Y,Flat,Turf,61
South Africa,Clairefontaine,20230703,19:10,Casino Chase,-,-46011,1,Pacific One,FR,N Howie,D Windrif,13,4,11.4,N,N,Y,Y,-,312,2m 2f 86y,-,-,-,-,-,-,-,-,-,-,7,0,0,-,-,Y,-,9999,0,0,0,1,,,,,,
South Africa,Clairefontaine,20230703,19:10,Casino Chase,-,16-525,5,Kap Nonantais,FR,K Dubourg,Lageneste Macaire,23,4,11.2,N,N,N,N,-,159,2m 2f 86y,-,-,-,-,-,-,-,-,-,-,7,0,0,-,-,N,-,9999,0,0,0,2,,,,,,
South Africa,Clairefontaine,20230703,19:10,Casino Chase,-,6316D2,2,Vinho Verde,FR,G Meunier,D Bressou,13,4,11,N,N,N,N,-,185,2m 2f 86y,-,-,-,-,-,-,-,-,-,-,7,0,0,-,-,Y,-,9999,0,0,0,3,,,,,,
South Africa,Clairefontaine,20230703,19:10,Casino Chase,-,614315,5,Rise And Run,FR,T Vabois,J Baudron,17,4,10.1,N,N,N,N,-,170,2m 2f 86y,-,-,-,-,-,-,-,-,-,-,7,0,0,-,-,N,-,9999,0,0,0,4,,,,,,
South Africa,Clairefontaine,20230703,19:10,Casino Chase,-,-D4334,4,Checkmate Forlonge,FR,G Richard,E&G Leenders,17,4,10.1,N,N,N,N,-,139,2m 2f 86y,-,-,-,-,-,-,-,-,-,-,7,0,0,-,-,N,-,9999,0,0,0,5,,,,,,
South Africa,Clairefontaine,20230703,19:10,Casino Chase,-,2361-3,3,Marie Des Bordes,FR,R Mayeur,B and Beaunez,176,4,10.7,N,N,Y,N,-,215,2m 2f 86y,-,-,-,-,-,-,-,-,-,-,7,0,0,-,-,Y,-,9999,0,0,0,6,,,,,,
South Africa,Clairefontaine,20230703,19:10,Casino Chase,-,326F76,6,Aelle,FR,N Gauffenic,Mlle A S Pacault,13,4,10.7,N,N,N,N,-,58,2m 2f 86y,-,-,-,-,-,-,-,-,-,-,7,0,0,-,-,N,-,9999,0,0,0,7,,,,,,
United Kingdom,Windsor,20230703,19:15,"Play With The Finest Bookmaker, Fitzdares Fillies' Handicap (Class 5)",3,257-441,1,Absolute Queen,IRE,W Buick,G Boughey,16,3,9.5,N,N,N,N,70,217,1m 3f 99y,-,-,-,-,-,-,-,-,-,-,7,3.25,3.5,-,5,Y, Good To Firm,0.925,73,1,-3,1,2,1,Y,Flat,Turf,67
United Kingdom,Windsor,20230703,19:15,"Play With The Finest Bookmaker, Fitzdares Fillies' Handicap (Class 5)",6,432-264,4,Sydney Mews,IRE,Tom Marquand,A M Balding,23,3,9.3,N,N,N,N,68,133,1m 3f 99y,-,-,-,-,-,-,-,-,-,-,7,3.5,3.7,-,5,N, Good To Firm,4.285,76,0,-6,2,5,2,Y,Flat,Turf,53
United Kingdom,Windsor,20230703,19:15,"Play With The Finest Bookmaker, Fitzdares Fillies' Handicap (Class 5)",5,26320-2,2,Sea Of Charm,FR,Rob Hornby,Georgina Nicholls,20,5,9.13,N,N,N,N,67,166,1m 3f 99y,-,-,-,-,-,-,-,-,-,-,7,9.4,10,-,5,Y, Good To Firm,4.6875,75,0,7,3,3,4,Y,Flat,Turf,58
United Kingdom,Windsor,20230703,19:15,"Play With The Finest Bookmaker, Fitzdares Fillies' Handicap (Class 5)",7,45-6520,0,Torbellino,GB,Cieren Fallon,K Jewell,110,7,9.8,N,N,N,N,62,111,1m 3f 99y,-,-,-,-,-,-,-,-,-,-,7,27,34,-,5,Y, Good To Firm,5.745,74,1,1,4,6,7,Y,Flat,Turf,55
United Kingdom,Windsor,20230703,19:15,"Play With The Finest Bookmaker, Fitzdares Fillies' Handicap (Class 5)",1,4337,7,Majestic Jameela,GB,Mollie Phillips,S Edmunds,17,3,8.8,N,N,N,N,59,83,1m 3f 99y,-,-,-,-,-,-,-,-,-,-,7,19,22,-,5,N, Good To Firm,7.5375,70,-2,-23,5,7,6,Y,Flat,Turf,31
United Kingdom,Windsor,20230703,19:15,"Play With The Finest Bookmaker, Fitzdares Fillies' Handicap (Class 5)",4,08002/8,8,Saywhatyouwant,IRE,Saffie Osborne,F O'Brien,31,5,9.12,N,N,N,N,66,145,1m 3f 99y,-,-,-,-,-,-,-,-,-,-,7,13,14.5,-,5,Y, Good To Firm,10.165,68,0,4,6,4,5,Y,Flat,Turf,17
United Kingdom,Windsor,20230703,19:15,"Play With The Finest Bookmaker, Fitzdares Fillies' Handicap (Class 5)",2,63/3-412,2,Raqisa,GB,Ryan Kavanagh,Miss A Murphy,21,5,10.3,N,N,Y,N,71,294,1m 3f 99y,-,-,-,-,-,-,-,-,-,-,7,5.3,5.7,-,5,Y, Good To Firm,10.6425,75,0,11,7,1,3,Y,Flat,Turf,53
United Kingdom,Musselburgh,20230703,19:30,Every Race Live On Racing TV Handicap (Class 5),3,82-8223,3,Belle Of Annandale,IRE,Billy Garritty,K Dalgleish,10,4,9.5,N,N,N,N,67,229,1m 7f 217y,-,-,-,-,-,-,-,-,-,-,8,5.7,5.9,-,5,Y, Good,5.6475,84,0,-3,1,1,2,Y,Flat,Turf,73
United Kingdom,Musselburgh,20230703,19:30,Every Race Live On Racing TV Handicap (Class 5),2,3-65323,3,Baez,GB,K T O'Neill,J S Goldie,20,4,8.9,Y,N,N,N,57,184,1m 7f 217y,-,-,-,-,-,-,-,-,-,-,8,6.2,6.4,-,5,Y, Good,7.125,82,1,-10,2,4,4,Y,Flat,Turf,61
United Kingdom,Musselburgh,20230703,19:30,Every Race Live On Racing TV Handicap (Class 5),4,419/38-6,6,Red Missile,IRE,Callum Rodriguez,Miss Lucinda V Russell,28,6,9.3,N,Y,Y,N,65,152,1m 7f 217y,-,-,-,-,-,-,-,-,-,-,8,20,22,-,5,N, Good,8.1475,68,0,-5,3,7,6,Y,Flat,Turf,38
United Kingdom,Musselburgh,20230703,19:30,Every Race Live On Racing TV Handicap (Class 5),8,1-01141,1,Robert Johnson,GB,Billy Loughnane,P A Kirby,24,5,9.6,N,N,N,N,68,210,1m 7f 217y,-,-,-,-,-,-,-,-,-,-,8,2.94,3.05,-,5,Y, Good,8.735,79,0,7,4,2,1,Y,Flat,Turf,43
United Kingdom,Musselburgh,20230703,19:30,Every Race Live On Racing TV Handicap (Class 5),5,420416,6,Yorkindness,GB,J Fanning,Charlie Johnston,14,4,9.9,Y,N,N,N,71,180,1m 7f 217y,-,-,-,-,-,-,-,-,-,-,8,5.9,6.2,-,5,Y, Good,8.865,85,1,-3,5,5,3,Y,Flat,Turf,74
United Kingdom,Musselburgh,20230703,19:30,Every Race Live On Racing TV Handicap (Class 5),6,451/47-2,2,Idilico,FR,P Mulrennan,Mrs Dianne Sayer,59,8,9,N,Y,Y,N,62,203,1m 7f 217y,-,-,-,-,-,-,-,-,-,-,8,11,11.5,-,5,N, Good,11.33,82,0,-4,6,3,5,Y,Flat,Turf,62
United Kingdom,Musselburgh,20230703,19:30,Every Race Live On Racing TV Handicap (Class 5),7,33/15-85,5,Wontgetfooledagen,IRE,D Swift,Miss Tracy Waggott,24,7,9.8,N,N,Y,N,70,116,1m 7f 217y,-,-,-,-,-,-,-,-,-,-,8,90,270,-,5,N, Good,14.5225,64,0,1,7,8,8,Y,Flat,Turf,-
United Kingdom,Musselburgh,20230703,19:30,Every Race Live On Racing TV Handicap (Class 5),1,645419/,/,Excelcius,USA,A Mullen,I Jardine,22,7,9.8,N,N,Y,N,70,180,1m 7f 217y,-,-,-,-,-,-,-,-,-,-,8,30,34,-,5,Y, Good,19.3575,83,-1,-25,8,6,7,Y,Flat,Turf,-
United Kingdom,Windsor,20230703,19:45,Follow Fitzdares On Twitter And Instagram Handicap (Div 1) (Class 6),2,814443,3,Villalobos,IRE,A J Farragher,S Hodgson,24,4,9.13,N,N,Y,N,56,221,1m 31y,-,-,-,-,-,-,-,-,-,-,9,5.2,5.3,-,6,N, Good To Firm,2.11,65,0,2,1,1,2,Y,Flat,Turf,37
United Kingdom,Windsor,20230703,19:45,Follow Fitzdares On Twitter And Instagram Handicap (Div 1) (Class 6),1,659545,5,Starry Eyes,USA,Tom Marquand,B R Johnson,32,7,9.8,N,N,Y,N,51,156,1m 31y,-,-,-,-,-,-,-,-,-,-,9,6,6.6,-,6,Y, Good To Firm,2.3375,63,-1,7,2,6,3,Y,Flat,Turf,42
United Kingdom,Windsor,20230703,19:45,Follow Fitzdares On Twitter And Instagram Handicap (Div 1) (Class 6),3,10-8966,6,Adace,GB,J Quinn,D K Ivory,23,5,9.5,N,N,Y,N,48,168,1m 31y,-,-,-,-,-,-,-,-,-,-,9,22,26,-,6,N, Good To Firm,4.12,61,0,3,3,4,8,Y,Flat,Turf,39
United Kingdom,Windsor,20230703,19:45,Follow Fitzdares On Twitter And Instagram Handicap (Div 1) (Class 6),6,59009/1-,-,Kumasi,GB,K Shoemark,R Stephens,329,6,9.7,N,N,N,Y,50,215,1m 31y,-,-,-,-,-,-,-,-,-,-,9,14,15,-,6,Y, Good To Firm,4.59,64,0,2,4,2,7,Y,Flat,Turf,37
United Kingdom,Windsor,20230703,19:45,Follow Fitzdares On Twitter And Instagram Handicap (Div 1) (Class 6),8,8-74357,7,Centerstage,IRE,Saffie Osborne,E A L Dunlop,14,3,8.1,N,N,N,N,48,77,1m 31y,-,-,-,-,-,-,-,-,-,-,9,8.2,8.6,-,6,N, Good To Firm,5.3175,62,0,2,5,8,5,Y,Flat,Turf,27
United Kingdom,Windsor,20230703,19:45,Follow Fitzdares On Twitter And Instagram Handicap (Div 1) (Class 6),4,450033,3,Mujid,IRE,Taylor Fisher,J Tickle,8,8,10,N,N,Y,N,57,205,1m 31y,-,-,-,-,-,-,-,-,-,-,9,4.5,4.9,-,6,Y, Good To Firm,7.0625,61,0,5,6,3,1,Y,Flat,Turf,30
United Kingdom,Windsor,20230703,19:45,Follow Fitzdares On Twitter And Instagram Handicap (Div 1) (Class 6),9,536070,0,Into The Spotlight,IRE,Rhiain Ingram,Mark Gillard,14,4,9.11,N,N,N,N,54,79,1m 31y,-,-,-,-,-,-,-,-,-,-,9,65,120,-,6,N, Good To Firm,7.1175,60,0,-1,7,7,9,Y,Flat,Turf,6
United Kingdom,Windsor,20230703,19:45,Follow Fitzdares On Twitter And Instagram Handicap (Div 1) (Class 6),5,65436-8,8,Blue Curacao,GB,Paddy Bradley,P Phelan,165,3,9.3,N,N,N,N,55,73,1m 31y,-,-,-,-,-,-,-,-,-,-,9,12,14.5,-,6,N, Good To Firm,7.925,63,0,6,8,9,6,Y,Flat,Turf,59
United Kingdom,Windsor,20230703,19:45,Follow Fitzdares On Twitter And Instagram Handicap (Div 1) (Class 6),7,895655,5,Thrave,GB,Frederick Larson,M Appleby,13,8,9.9,N,N,Y,N,52,167,1m 31y,-,-,-,-,-,-,-,-,-,-,9,8.2,8.4,-,6,N, Good To Firm,9.195,68,0,1,9,5,4,Y,Flat,Turf,28
United Kingdom,Musselburgh,20230703,20:00,100% Racing TV Profits Back To Racing Handicap (Class 5),1,630511,1,Ecclesiastical,GB,A Mullen,T Davidson,3,6,9.8,N,N,Y,N,59,283,5f 1y,-,-,-,-,-,-,-,-,-,-,7,2.34,2.94,-,5,Y, Good,1.04,83,0,12,1,1,1,Y,Flat,Turf,66
United Kingdom,Musselburgh,20230703,20:00,100% Racing TV Profits Back To Racing Handicap (Class 5),2,534361,1,Cinque Verde,GB,C Lee,K R Burke,7,3,9.9,N,N,Y,N,64,209,5f 1y,-,-,-,-,-,-,-,-,-,-,7,2.98,5.6,-,5,N, Good,1.95,82,0,4,2,4,2,Y,Flat,Turf,44
United Kingdom,Musselburgh,20230703,20:00,100% Racing TV Profits Back To Racing Handicap (Class 5),4,2/9070-5,5,Hard Nut,IRE,Andrew Breslin,Miss L A Perratt,10,6,9.4,N,N,N,N,60,110,5f 1y,-,-,-,-,-,-,-,-,-,-,7,13,19.5,-,5,N, Good,2.7375,69,-1,4,3,6,5,Y,Flat,Turf,56
United Kingdom,Musselburgh,20230703,20:00,100% Racing TV Profits Back To Racing Handicap (Class 5),6,0-00604,4,Glory Hallelujah,IRE,Rowan Scott,N Tinkler,7,4,9.2,N,N,Y,N,58,164,5f 1y,-,-,-,-,-,-,-,-,-,-,7,0,0,-,5,Y, Good,2.7975,75,1,-8,4,5,7,Y,Flat,Turf,53
United Kingdom,Musselburgh,20230703,20:00,100% Racing TV Profits Back To Racing Handicap (Class 5),3,323545,5,Primo's Comet,GB,P Mulrennan,J S Goldie,10,8,9.1,Y,N,Y,Y,57,221,5f 1y,-,-,-,-,-,-,-,-,-,-,7,5.6,8.6,-,5,N, Good,3.275,80,1,-9,5,3,4,Y,Flat,Turf,66
United Kingdom,Musselburgh,20230703,20:00,100% Racing TV Profits Back To Racing Handicap (Class 5),7,5-32315,5,Mereside Angel,IRE,Callum Rodriguez,T D Barron,13,4,10.2,Y,N,Y,N,72,243,5f 1y,-,-,-,-,-,-,-,-,-,-,7,4.2,4.7,-,5,N, Good,5.1875,77,0,3,6,2,3,Y,Flat,Turf,68
United Kingdom,Musselburgh,20230703,20:00,100% Racing TV Profits Back To Racing Handicap (Class 5),5,920-706,6,Texas Man,IRE,Barry McHugh,Craig Lidster,42,4,10.2,N,N,Y,N,72,107,5f 1y,-,-,-,-,-,-,-,-,-,-,7,16,19.5,-,5,N, Good,6.6675,78,-2,13,7,7,6,Y,Flat,Turf,30
United Kingdom,Windsor,20230703,20:15,Follow Fitzdares On Twitter And Instagram Handicap (Div 2) (Class 6),2,0476-45,5,Oh So Audacious,GB,Kaiya Fraser,Harry Eustace,39,4,9.3,N,N,N,N,46,138,1m 31y,-,-,-,-,-,-,-,-,-,-,9,4.1,4.3,-,6,N, Good To Firm,4.03,64,0,2,1,3,1,Y,Flat,Turf,44
United Kingdom,Windsor,20230703,20:15,Follow Fitzdares On Twitter And Instagram Handicap (Div 2) (Class 6),5,422562,2,Galileo Glass,IRE,Saffie Osborne,P D Evans,21,4,10,N,N,Y,N,57,223,1m 31y,-,-,-,-,-,-,-,-,-,-,9,4.3,4.4,-,6,N, Good To Firm,4.38,68,0,10,2,1,2,Y,Flat,Turf,25
United Kingdom,Windsor,20230703,20:15,Follow Fitzdares On Twitter And Instagram Handicap (Div 2) (Class 6),6,6330-36,6,Fillyfudge,GB,George Wood,Miss A Murphy,18,4,9.1,N,N,N,N,53,155,1m 31y,-,-,-,-,-,-,-,-,-,-,9,5.9,6.2,-,6,N, Good To Firm,4.425,64,-1,3,3,2,4,Y,Flat,Turf,39
United Kingdom,Windsor,20230703,20:15,Follow Fitzdares On Twitter And Instagram Handicap (Div 2) (Class 6),9,612264,4,Thomas Equinas,GB,Jefferson Smith,D K Ivory,40,4,9.8,N,N,N,N,51,103,1m 31y,-,-,-,-,-,-,-,-,-,-,9,5.4,5.9,-,6,N, Good To Firm,4.505,66,0,7,4,6,3,Y,Flat,Turf,37
United Kingdom,Windsor,20230703,20:15,Follow Fitzdares On Twitter And Instagram Handicap (Div 2) (Class 6),7,000-748,8,The Game Is Up,GB,J F Egan,P Phelan,23,3,8.8,N,N,N,N,45,67,1m 31y,-,-,-,-,-,-,-,-,-,-,9,19.5,28,-,6,Y, Good To Firm,4.655,58,0,-1,5,7,6,Y,Flat,Turf,48
United Kingdom,Windsor,20230703,20:15,Follow Fitzdares On Twitter And Instagram Handicap (Div 2) (Class 6),3,35-7679,9,Lilandra,FR,Callum Hutchinson,J L Flint,8,6,9.7,N,N,Y,N,50,128,1m 31y,-,-,-,-,-,-,-,-,-,-,9,12,13.5,-,6,N, Good To Firm,5.9625,65,0,5,6,5,5,Y,Flat,Turf,16
United Kingdom,Windsor,20230703,20:15,Follow Fitzdares On Twitter And Instagram Handicap (Div 2) (Class 6),1,8059-97,7,Roman Tempest,FR,Paddy Bradley,S Dow,152,4,9.3,N,N,N,N,45,52,1m 31y,-,-,-,-,-,-,-,-,-,-,9,29,46,-,6,N, Good To Firm,7.535,62,0,1,7,9,8,Y,Flat,Turf,-
United Kingdom,Windsor,20230703,20:15,Follow Fitzdares On Twitter And Instagram Handicap (Div 2) (Class 6),8,25225-0,0,Bbob Alula,GB,William Carson,W G M Turner,47,8,9.12,N,N,Y,N,55,130,1m 31y,-,-,-,-,-,-,-,-,-,-,9,0,0,-,6,N, Good To Firm,8.0675,65,0,12,8,4,9,Y,Flat,Turf,58
United Kingdom,Windsor,20230703,20:15,Follow Fitzdares On Twitter And Instagram Handicap (Div 2) (Class 6),4,754-078,8,Heerathetrack,GB,Nicola Currie,M D I Usher,26,4,9.7,N,N,N,N,50,62,1m 31y,-,-,-,-,-,-,-,-,-,-,9,23,26,-,6,N, Good To Firm,22.75,61,0,7,9,8,7,Y,Flat,Turf,-
United Kingdom,Musselburgh,20230703,20:30,Watch On Racing TV Handicap (Class 6),8,3-76511,1,Ahamoment,IRE,J Fanning,T D Barron,20,4,10.3,N,N,Y,Y,66,315,7f 33y,-,-,-,-,-,-,-,-,-,-,8,3.9,4.1,-,6,Y, Good,1.65,69,-1,6,1,1,1,Y,Flat,Turf,61
United Kingdom,Musselburgh,20230703,20:30,Watch On Racing TV Handicap (Class 6),3,562325,5,Rory,GB,P Mulrennan,J S Goldie,20,5,10.4,N,Y,N,N,67,190,7f 33y,-,-,-,-,-,-,-,-,-,-,8,4.2,4.5,-,6,N, Good,1.8525,71,-2,23,2,5,2,Y,Flat,Turf,64
United Kingdom,Musselburgh,20230703,20:30,Watch On Racing TV Handicap (Class 6),4,144-602,2,Sparkle In His Eye,GB,Aiden Brookes,Micky Hammond,10,7,9.13,N,N,Y,Y,62,232,7f 33y,-,-,-,-,-,-,-,-,-,-,8,7.6,7.8,-,6,N, Good,3.2375,73,0,6,3,3,3,Y,Flat,Turf,63
United Kingdom,Musselburgh,20230703,20:30,Watch On Racing TV Handicap (Class 6),2,90-7723,3,Monhammer,GB,Callum Rodriguez,Miss L A Perratt,10,5,9.12,N,N,Y,Y,61,295,7f 33y,-,-,-,-,-,-,-,-,-,-,8,7.6,8.2,-,6,Y, Good,3.525,71,0,0,4,2,4,Y,Flat,Turf,64
United Kingdom,Musselburgh,20230703,20:30,Watch On Racing TV Handicap (Class 6),1,524265,5,Merricourt,IRE,A Mullen,I Jardine,10,7,9.1,N,Y,Y,N,59,200,7f 33y,-,-,-,-,-,-,-,-,-,-,8,12,14,-,6,N, Good,5.5275,70,0,5,5,4,7,Y,Flat,Turf,60
United Kingdom,Musselburgh,20230703,20:30,Watch On Racing TV Handicap (Class 6),5,445533,3,One Of Our Own,GB,P Mathers,R Menzies,14,3,9.2,N,N,N,N,59,183,7f 33y,-,-,-,-,-,-,-,-,-,-,8,11.5,12.5,-,6,Y, Good,6.7675,70,-1,1,6,6,6,Y,Flat,Turf,62
United Kingdom,Musselburgh,20230703,20:30,Watch On Racing TV Handicap (Class 6),6,416156,6,Gunnerside,IRE,Oliver Stammers,Grant Tuer,31,6,10.2,N,N,Y,Y,65,152,7f 33y,-,-,-,-,-,-,-,-,-,-,8,11.5,12,-,6,N, Good,7.3875,71,0,4,7,7,5,Y,Flat,Turf,61
United Kingdom,Musselburgh,20230703,20:30,Watch On Racing TV Handicap (Class 6),7,454850,0,Oriental Lilly,GB,K T O'Neill,J S Goldie,9,9,8.11,N,N,Y,N,45,126,7f 33y,-,-,-,-,-,-,-,-,-,-,8,42,120,-,6,N, Good,10.965,65,-4,10,8,8,8,Y,Flat,Turf,49
United Kingdom,Musselburgh,20230703,21:00,Visit racingtv.com Handicap (Class 5),2,325151,1,Star Shield,GB,Ben Robinson,D O'Meara,20,8,9.11,N,N,Y,N,77,251,1m 2y,-,-,-,-,-,-,-,-,-,-,11,9.8,11,-,5,N, Good,2.24,87,0,2,1,1,3,Y,Flat,Turf,67
United Kingdom,Musselburgh,20230703,21:00,Visit racingtv.com Handicap (Class 5),8,82-8473,3,Gometra Ginty,IRE,Billy Garritty,K Dalgleish,28,7,9.2,N,Y,N,Y,68,175,1m 2y,-,-,-,-,-,-,-,-,-,-,11,15.5,16,-,5,N, Good,2.38,90,0,-4,2,6,6,Y,Flat,Turf,66
United Kingdom,Musselburgh,20230703,21:00,Visit racingtv.com Handicap (Class 5),1,195018,8,Viva Voce,IRE,J Fanning,T D Barron,20,6,8.13,N,N,Y,Y,65,204,1m 2y,-,-,-,-,-,-,-,-,-,-,11,18,21,-,5,Y, Good,2.8125,86,1,-8,3,3,7,Y,Flat,Turf,80
United Kingdom,Musselburgh,20230703,21:00,Visit racingtv.com Handicap (Class 5),11,D-88087,7,Archduke Ferdinand,IRE,D Swift,Miss Tracy Waggott,15,4,9.5,N,N,Y,N,71,127,1m 2y,-,-,-,-,-,-,-,-,-,-,11,34,36,-,5,N, Good,2.8975,80,0,-2,4,10,11,Y,Flat,Turf,53
United Kingdom,Musselburgh,20230703,21:00,Visit racingtv.com Handicap (Class 5),7,0/14-01,1,Finbar's Lad,GB,P Mulrennan,J J Quinn,18,4,9.9,N,N,Y,N,75,201,1m 2y,-,-,-,-,-,-,-,-,-,-,11,3.1,3.25,-,5,N, Good,2.925,94,0,-1,5,4,1,Y,Flat,Turf,80
United Kingdom,Musselburgh,20230703,21:00,Visit racingtv.com Handicap (Class 5),3,893430,0,Yaaser,IRE,Mark Winn,J S Goldie,15,5,9.3,Y,Y,Y,N,69,194,1m 2y,-,-,-,-,-,-,-,-,-,-,11,4.7,5,-,5,N, Good,3.585,95,0,-2,6,5,2,Y,Flat,Turf,76
United Kingdom,Musselburgh,20230703,21:00,Visit racingtv.com Handicap (Class 5),9,24-2646,6,Regal Rambler,IRE,K T O'Neill,Alice Haynes,39,4,9.3,N,N,N,N,69,129,1m 2y,-,-,-,-,-,-,-,-,-,-,11,13.5,14.5,-,5,N, Good,4.1,87,0,-2,7,9,4,Y,Flat,Turf,68
United Kingdom,Musselburgh,20230703,21:00,Visit racingtv.com Handicap (Class 5),6,316-149,9,Flylikeaneagle,IRE,Billy Loughnane,Miss Lucinda V Russell,40,6,9.9,N,Y,Y,Y,75,139,1m 2y,-,-,-,-,-,-,-,-,-,-,11,22,29,-,5,N, Good,4.305,86,-1,4,8,8,8,Y,Flat,Turf,61
United Kingdom,Musselburgh,20230703,21:00,Visit racingtv.com Handicap (Class 5),4,007-550,0,Alazwar,IRE,Oliver Stammers,A Watson,9,5,9.11,N,N,Y,N,77,167,1m 2y,-,-,-,-,-,-,-,-,-,-,11,27,34,-,5,N, Good,5.45,83,-1,1,9,7,9,Y,Flat,Turf,46
United Kingdom,Musselburgh,20230703,21:00,Visit racingtv.com Handicap (Class 5),5,593319,9,Showmedemoney,IRE,A Mullen,I Jardine,17,4,9.5,N,Y,Y,N,71,241,1m 2y,-,-,-,-,-,-,-,-,-,-,11,14.5,15.5,-,5,N, Good,6.12,85,-1,4,10,2,5,Y,Flat,Turf,62
United Kingdom,Musselburgh,20230703,21:00,Visit racingtv.com Handicap (Class 5),10,3334-59,9,Yeeeaah,IRE,Cam Hardie,T Davidson,12,4,8.4,N,N,N,N,56,83,1m 2y,-,-,-,-,-,-,-,-,-,-,11,27,32,-,5,N, Good,7.8925,87,1,-11,11,11,10,Y,Flat,Turf,69
